component_id,component_name,required_evidence_class,rationale,current_support_count,admissibility_criteria_reference,dec06_relationship,execution_status
K6-01,concepts,SYSTEMATIC_REVIEW_SEARCH_GUIDELINE,"Concept-block construction (how core/context terms are grouped into Boolean blocks) is a core systematic-review search-strategy design question governed by general search-guideline literature.",0,SLR_DEC_06_EVIDENCE_GAP_PLAN.md Sec.6 (A_j^evidence),"Concept-block construction is the C1-C6 family design step most directly targeted by this evidence class; no admissible item currently exists.",PLANNED_ONLY
K6-02,variants,SYSTEMATIC_REVIEW_SEARCH_GUIDELINE,"Lexical and spelling variant coverage (hyphenation, morphological, spelling variants) is addressed by the same general search-guideline literature as concept-block construction, typically as a sub-topic of sensitivity/specificity guidance.",0,SLR_DEC_06_EVIDENCE_GAP_PLAN.md Sec.6 (A_j^evidence),"Maps to the SLR_SEARCH_TERM_VARIANT_REGISTRY.csv HYPHENATION_VARIANT/SPELLING_VARIANT/MORPHOLOGICAL_VARIANT rows; no admissible item currently exists.",PLANNED_ONLY
K6-03,translations,MULTILINGUAL_INFORMATION_RETRIEVAL_GUIDANCE,"Multilingual translation-candidate equivalence (the 15 TRANSLATED_CONCEPT_CANDIDATE rows, 11 REQUIRES_REVIEW) is a distinct methodological question from monolingual variant handling and requires cross-language information-retrieval guidance specifically.",0,SLR_DEC_06_EVIDENCE_GAP_PLAN.md Sec.6 (A_j^evidence),"Directly relevant to resolving the REQUIRES_REVIEW status of 11 term-variant rows; no admissible item currently exists.",PLANNED_ONLY
K6-04,syntax,DATABASE_OR_PROVIDER_OFFICIAL_SYNTAX_DOCUMENTATION,"Provider-specific Boolean/field-code/wildcard/proximity syntax translation must be verified against each provider's own official documentation, not general guidance.",0,SLR_DEC_06_EVIDENCE_GAP_PLAN.md Sec.6 (A_j^evidence),"Directly targets the 42 UNVERIFIED_NOT_EXECUTED provider-syntax rows in SLR_PROVIDER_QUERY_TRANSLATION_MATRIX.csv; this count remains 0 and is not promoted by this plan.",PLANNED_ONLY
K6-05,filters,SEARCH_STRATEGY_REPORTING_STANDARD,"Filter justification (LANGUAGE_FILTER, TEMPORAL_FILTER, PUBLICATION_TYPE_FILTER) is governed by reporting-standard guidance on how filters must be documented and their recall consequences disclosed.",0,SLR_DEC_06_EVIDENCE_GAP_PLAN.md Sec.6 (A_j^evidence),"Filters are already traced to SLR-DEC-02/03/04 per SLR_SEARCH_STRING_REMEDIATION_PLAN.md Sec.7.1; independent reporting-standard support for the filter-documentation approach itself is still absent.",PLANNED_ONLY
K6-06,risk,SYSTEMATIC_REVIEW_SEARCH_GUIDELINE,"Breadth/narrowness risk assessment methodology (how sensitivity-specificity tradeoffs are evaluated without an arbitrary numeric threshold) is a core search-guideline topic.",0,SLR_DEC_06_EVIDENCE_GAP_PLAN.md Sec.6 (A_j^evidence),"Directly relevant to the BROADNESS/NARROWNESS risk pairs already documented per family in SLR_SEARCH_STRING_RISK_REGISTER.csv; no admissible item currently exists.",PLANNED_ONLY
K6-07,seed checking,KNOWN_ITEM_OR_SEED_VALIDATION_METHOD,"Known-item/seed-study validation technique (how a small set of known-relevant studies is used to sanity-check a search strategy without claiming total recall) is a distinct, narrowly defined methodological literature.",0,SLR_DEC_06_EVIDENCE_GAP_PLAN.md Sec.6 (A_j^evidence),"No seed-study set has been constructed yet (SLR-DEC-08 is a separate, later, not-yet-applicable decision); this evidence class would inform the method, not the seed set itself.",PLANNED_ONLY
K6-08,versioning,SEARCH_UPDATE_AND_AMENDMENT_GUIDANCE,"Search-strategy amendment and versioning after a pilot run is governed by guidance distinct from initial design guidance.",0,SLR_DEC_06_EVIDENCE_GAP_PLAN.md Sec.6 (A_j^evidence),"Relevant to any future pilot-to-full-review transition for the C1-C6 families; no admissible item currently exists.",PLANNED_ONLY
K6-09,reporting,SEARCH_STRATEGY_REPORTING_STANDARD,"Complete, reproducible search-strategy reporting (e.g. full query strings, dates, filters, database versions) is governed by dedicated reporting standards, distinct from general search-guideline content.",0,SLR_DEC_06_EVIDENCE_GAP_PLAN.md Sec.6 (A_j^evidence),"Applies to how the eventual frozen C1-C6 strings would be reported in the final review; no admissible item currently exists.",PLANNED_ONLY
