enum_field,allowed_value,semantic_definition,valid_from_stage,valid_until_stage,transition_from,transition_to,implies_committed,implies_synced,implies_executed,implies_successor_created,source_authority
historical_status,PENDING_FREEZE,"Registry row has assignment authority and may be applied to the working tree, but is not yet committed, pushed, or server-synced",OP-10 working-tree registry application,until push and server sync complete,NONE (new row creation),FROZEN,NO,NO,NO,NO,WAVE_2_OD_005_OP10_ASSIGNMENT_ENUM_CONTRACT_REVIEW.md
historical_status,FROZEN,The operation's underlying source-specification record has been committed and is immutable going forward,after push and server sync of the row's underlying specification record,indefinite: terminal state; never reused or reverted for the same operation_id,PENDING_FREEZE,NONE (terminal),YES,YES,NO,NO,"WAVE_2_OD_005_OPERATION_REGISTRY_SCHEMA.csv (pre-existing definition, unchanged)"
id_assignment_status,AWAITING_REGISTRY_FREEZE,Current pre-application value: OP-10 is a nonauthoritative candidate only; no registry row exists yet,successor operation draft creation,until assignment application succeeds,NONE (initial value),AUTHORITATIVELY_ASSIGNED,NO,NO,NO,NO,"WAVE_2_OD_005_SUCCESSOR_RECONCILIATION_OPERATION_DRAFT.csv (pre-existing value, unchanged)"
id_assignment_status,AUTHORITATIVELY_ASSIGNED,"OP-10 has been applied consistently to the registry and all authorized successor-specification targets, but has not been executed and the successor reconciliation has not been created",after assignment application succeeds in the working tree,indefinite: terminal state for this field; execution is tracked separately by execution_status,AWAITING_REGISTRY_FREEZE,NONE (terminal for this field),NO,NO,NO,NO,WAVE_2_OD_005_OP10_ASSIGNMENT_ENUM_CONTRACT_REVIEW.md
readiness,READY_WITH_OPERATION_ID_PENDING,"The six successor-specification artifacts are internally sound but block on operation-ID assignment, which has not yet occurred",six successor-specification artifacts' original creation,until assignment application succeeds,NONE (initial value),OPERATION_ID_ASSIGNED_PENDING_FREEZE,NO,NO,NO,NO,"WAVE_2_OD_005_OPERATION_REGISTRY_REVIEW_AUDIT.md (pre-existing value, unchanged)"
readiness,OPERATION_ID_ASSIGNED_PENDING_FREEZE,"All assignment-specific fields across the six artifacts are internally consistent and ready to audit and freeze, but nothing has been committed, pushed, or synced",after assignment application succeeds in the working tree,until local commit of the six artifacts,READY_WITH_OPERATION_ID_PENDING,OPERATION_ID_ASSIGNED_FROZEN_LOCALLY,NO,NO,NO,NO,WAVE_2_OD_005_OP10_ASSIGNMENT_ENUM_CONTRACT_REVIEW.md
readiness,OPERATION_ID_ASSIGNED_FROZEN_LOCALLY,"The six artifacts (with their assignment updates applied) have been committed locally, but not yet pushed or server-synced",after local commit of the six artifacts,until push and server sync,OPERATION_ID_ASSIGNED_PENDING_FREEZE,OPERATION_ID_ASSIGNED_FROZEN,YES,NO,NO,NO,WAVE_2_OD_005_OP10_ASSIGNMENT_ENUM_CONTRACT_REVIEW.md
readiness,OPERATION_ID_ASSIGNED_FROZEN,The six artifacts (with their assignment updates applied) have been pushed and server-synced,after push and server sync,indefinite: terminal state for this field; execution is tracked separately by execution_status,OPERATION_ID_ASSIGNED_FROZEN_LOCALLY,NONE (terminal for this field),YES,YES,NO,NO,WAVE_2_OD_005_OP10_ASSIGNMENT_ENUM_CONTRACT_REVIEW.md
execution_status,SPECIFIED_NOT_AUTHORIZED,"OP-10 is fully specified (owner, type, predecessor, target) but has not been executed and its execution has not been separately authorized",OP-10 candidate-contract specification (already established by the allocation review),"until a future, separate execution-authorization turn changes it",NONE (fixed at specification time),EXECUTED (future; requires separate authorization; not selected by this review),NO,NO,NO,NO,"WAVE_2_OD_005_OPERATION_REGISTRY_SCHEMA.csv (pre-existing enum value, unchanged)"
