artifact_id,current_path,historical_checksum,historical_checksum_source,current_content_checksum,checksum_match_status
ART-001,docs/thesis/pilot_annotation/model3b_v2/specifications/MODEL_3B_MATHEMATICAL_SPECIFICATION_V2.md,NONE_RECORDED,,1c3baac66d5f985db1747cf0d33fb4ab66a671d13b7461a25727888dc9c2f2bc,NO_PRIOR_RECORD
ART-002,docs/thesis/pilot_annotation/model3b_v2/specifications/MODEL_3B_RECOVERY_GATE_SPECIFICATION_V2.csv,NONE_RECORDED,,26fd15a2d6493447b2162b3fb6908ad2aab81406fda1306d2d6b4002bfa6cf95,NO_PRIOR_RECORD
ART-003,docs/thesis/pilot_annotation/model3b_v2/specifications/MODEL_3B_RECOVERY_PROTOCOL_V2.md,NONE_RECORDED,,967ef3eed53cfc881fdb4c7632a2f76216638a7c39befc08f45983ade7451fe3,NO_PRIOR_RECORD
ART-004,docs/thesis/pilot_annotation/model3b_v2/specifications/MODEL_3B_FINAL_GATE_APPLICABILITY_MATRIX.csv,NONE_RECORDED,,21e9eec9d5d96e7717980bbd63093898bf037cc37ff2102f4126295e5146ed65,NO_PRIOR_RECORD
ART-005,docs/thesis/pilot_annotation/model3b_v2/specifications/MODEL_3B_V2_NUMERICAL_DECISION_LEDGER.csv,NONE_RECORDED,,6e2fd1ef2ce96874df3bdd59c565710f75620adedbd3291e28d679a8402e044a,NO_PRIOR_RECORD
ART-006,docs/thesis/pilot_annotation/model3b_v2/numerical_decisions/MODEL_3B_NUM_DEC_01_M2_REPLICATION_DENOMINATOR_ADJUDICATION.md,NONE_RECORDED,,96c1d891f4129bddd3ce6066c1e0e979bcc188fe63757f3bdefc0ddd3458acfd,NO_PRIOR_RECORD
ART-007,docs/thesis/pilot_annotation/model3b_v2/numerical_decisions/MODEL_3B_NUM_DEC_02_M2_UNCERTAINTY_ADJUDICATION.md,NONE_RECORDED,,2d61c7a21d4f307a46a2275702c75d7f88bb41aea2a6892051b7541403154570,NO_PRIOR_RECORD
ART-008,docs/thesis/pilot_annotation/model3b_v2/numerical_decisions/MODEL_3B_NUM_DEC_03_M2_EXACT_NULL_ADJUDICATION.md,a7e8ad2cc058e8bb7e2b3ce6b920bfb09e372d420f9bc4c3bff3f2bb54af7aeb,MODEL_3B_COMPLETE_NUMERICAL_DECISION_CONSISTENCY_AUDIT.md (line 56),a7e8ad2cc058e8bb7e2b3ce6b920bfb09e372d420f9bc4c3bff3f2bb54af7aeb,MATCH
ART-009,docs/thesis/pilot_annotation/model3b_v2/numerical_decisions/MODEL_3B_NUM_DEC_04_M3_TAU_CALIBRATION_ADJUDICATION.md,NONE_RECORDED,,1c7c45cce3188e6e3f09cc33aacf26e9edba457f983dbe389e5bd6ad16c7d20d,NO_PRIOR_RECORD
ART-010,docs/thesis/pilot_annotation/model3b_v2/numerical_decisions/MODEL_3B_NUM_DEC_05_M3_PRIOR_MODEL_ODDS_ADJUDICATION.md,NONE_RECORDED,,9626f6bd693d81d10fe95bcfa76a0d70b42c334440c209ce5997b6b65133711a,NO_PRIOR_RECORD
ART-011,docs/thesis/pilot_annotation/model3b_v2/numerical_decisions/MODEL_3B_NUM_DEC_06_M3_MARGINAL_LIKELIHOOD_ADJUDICATION.md,NONE_RECORDED,,570e3539a64e6e539d897e79108ec0021ba00f5f0a1edeaf533fee02344b982c,NO_PRIOR_RECORD
ART-012,docs/thesis/pilot_annotation/model3b_v2/numerical_decisions/MODEL_3B_NUM_DEC_07_M3_ROPE_ADJUDICATION.md,NONE_RECORDED,,222381d231d4aef43b3f3ce7ff7d25bbfbd56ca29fb37424022e52cd20dc5334,NO_PRIOR_RECORD
ART-013,docs/thesis/pilot_annotation/model3b_v2/numerical_decisions/MODEL_3B_NUM_DEC_08_RESOURCE_CEILING_ADJUDICATION.md,NONE_RECORDED,,f6b9b00daafb17c7cff5a0dbde8293d93b622bb9ee0e9322f2da1f42b02a8f17,NO_PRIOR_RECORD
ART-014,docs/thesis/pilot_annotation/model3b_v2/reconciliation/MODEL_3B_GATE_V1_TO_V2_RECONCILIATION.csv,NONE_RECORDED,,ed255869a6bdd825cb20b0e729fa975f24bc17ac951dc4635460528dc1f3d9a2,NO_PRIOR_RECORD
ART-015,docs/thesis/pilot_annotation/model3b_v2/reconciliation/MODEL_3B_V2_NUMERICAL_DECISION_DIGEST.md,NONE_RECORDED,,81b2f1946858feec5a48f9e452088a4afcc5ba0b01537284ee420873080acdae,NO_PRIOR_RECORD
ART-016,docs/thesis/pilot_annotation/model3b_v2/reconciliation/MODEL_3B_COMPLETE_NUMERICAL_DECISION_CONSISTENCY_AUDIT.md,NONE_RECORDED,,b8c2dedaef1cd92ed419171e5d70867d2e642b8dc96f173ae65817beacd72ecc,NO_PRIOR_RECORD
ART-017,docs/thesis/pilot_annotation/model3b_v2/reconciliation/MODEL_3B_NUMERICAL_DECISION_DEPENDENCY_MATRIX.csv,NONE_RECORDED,,975ae6fa5a333fc3a63740312adf600d0d6a775cb7e723b89344c9e1f02e2ffd,NO_PRIOR_RECORD
ART-018,docs/thesis/pilot_annotation/model3b_v2/reconciliation/MODEL_3B_NUMERICAL_TEST_INVENTORY.csv,NONE_RECORDED,,843087a76a8be5267e9ad8b076cc26326d75e12fb46ede00db3c094a660d689b,NO_PRIOR_RECORD
ART-019,docs/thesis/pilot_annotation/model3b_v2/planning/WAVE_2_MATHEMATICAL_CONTRACT.md,NONE_RECORDED,,4df948ad08b15d8be381927c66e52856fc31fdb564a5d2ffbe775e52e818a043,NO_PRIOR_RECORD
ART-020,docs/thesis/pilot_annotation/model3b_v2/planning/WAVE_2_IMPLEMENTATION_COMPONENT_MAP.md,NONE_RECORDED,,970bd46edf6fd9a7482ab5fa37ef9f68ce2f5751dea73a68ff22356651770a4c,NO_PRIOR_RECORD
ART-021,docs/thesis/pilot_annotation/model3b_v2/planning/WAVE_2_SIMULATION_AND_COVERAGE_PLAN.md,NONE_RECORDED,,78537f1bac596ab2753013d09ef442d369a0085b6352f79093daf998b30acc3e,NO_PRIOR_RECORD
ART-022,docs/thesis/pilot_annotation/model3b_v2/planning/WAVE_2_M3_BLOCKER_CLOSURE_PROTOCOL.md,NONE_RECORDED,,ad5fa158a0653027d678536286a3d6d3f58c7b4aadf4b7820198844576ffeeb2,NO_PRIOR_RECORD
ART-023,docs/thesis/pilot_annotation/model3b_v2/planning/WAVE_2_TAU_CALIBRATION_PREREGISTRATION.md,NONE_RECORDED,,9605d69262dbea4a899d11d0b16eca85db3131524512369813124e23525311ba,NO_PRIOR_RECORD
ART-024,docs/thesis/pilot_annotation/model3b_v2/planning/WAVE_2_EXECUTION_MANIFEST_AND_STOP_RULES.md,NONE_RECORDED,,347a2161d2d038e2426d61c35840f3618d92e4610663bcdd33a6d6c0a6b1060b,NO_PRIOR_RECORD
ART-025,docs/thesis/pilot_annotation/model3b_v2/planning/WAVE_2_OPEN_DECISION_LEDGER.csv,NONE_RECORDED,,023b273e49013c2bedf0f237579f961a7a506c7d2e265ca5e8615d73efe67fa5,NO_PRIOR_RECORD
ART-026,docs/thesis/pilot_annotation/model3b_v2/planning/WAVE_2_CROSS_DOCUMENT_CONSISTENCY_AUDIT.md,NONE_RECORDED,,1231a105b422d3a40f20420ff10099f2edcb3b12c3f3b5d1850c91bca94f32ce,NO_PRIOR_RECORD
ART-027,docs/thesis/pilot_annotation/model3b_v2/planning/WAVE_2_REQUIREMENT_DEPENDENCY_MATRIX.csv,NONE_RECORDED,,4e038e5faf2fae98885d976cfe06d73f6512d641c60dcf716abdc7405c322261,NO_PRIOR_RECORD
ART-028,docs/thesis/pilot_annotation/model3b_v2/planning/WAVE_2_FORMULA_SYMBOL_REGISTRY.csv,NONE_RECORDED,,0dbbe9be79db592acb51fcbbcad9f331d51954e7ce0b4a3f9032bf719ec50d41,NO_PRIOR_RECORD
ART-029,docs/thesis/pilot_annotation/model3b_v2/adjudication/WAVE_2_OPEN_DECISION_ADJUDICATION_MAP.md,NONE_RECORDED,,101384c169ab381a8ef8f6569be12ee621041497efe9b3e39c89cbf78382d560,NO_PRIOR_RECORD
ART-030,docs/thesis/pilot_annotation/model3b_v2/adjudication/WAVE_2_OPEN_DECISION_BATCH_MATRIX.csv,NONE_RECORDED,,6a14e5370f3c3e0cc651f5ad2de1c9d1427415fe30e92fc87b614eb6ad5b2ab4,NO_PRIOR_RECORD
ART-031,docs/thesis/pilot_annotation/model3b_v2/evidence/WAVE_2_OD_005_006_015_LITERATURE_SEARCH_LOG.csv,NONE_RECORDED,,3d46c8c039570613b498d3af69b850af85a93faf480ca5c525796b6d38a676c1,NO_PRIOR_RECORD
ART-032,docs/thesis/pilot_annotation/model3b_v2/evidence/WAVE_2_OD_005_006_015_EVIDENCE_LEDGER.csv,NONE_RECORDED,,b1dd0a9182fb58f84483147212106aa3cb9530ce6daeca39920dbf6acdde81ad,NO_PRIOR_RECORD
ART-033,docs/thesis/pilot_annotation/model3b_v2/evidence/WAVE_2_OD_005_006_015_EVIDENCE_TO_OPTION_MATRIX.csv,NONE_RECORDED,,80f6a8c8b9d11497ffb817eb4a573d0c435a71d4263d5041809ffdc9391d3efd,NO_PRIOR_RECORD
ART-034,docs/thesis/pilot_annotation/model3b_v2/evidence/WAVE_2_OD_005_006_015_MATHEMATICAL_EVIDENCE_REVIEW.md,NONE_RECORDED,,6ba983b46fae7943ac51943d6b7118a1d80456d1280f0acf4825b41fc2494b7c,NO_PRIOR_RECORD
ART-035,docs/thesis/pilot_annotation/model3b_v2/evidence/WAVE_2_OD_005_006_015_ADJUDICATION_READINESS_REPORT.md,NONE_RECORDED,,ca30fe39915b106301ae3fdddb6441567d434b76ec7794bba6e6ec9a59a6e85b,NO_PRIOR_RECORD
ART-036,docs/thesis/pilot_annotation/model3b_v2/adjudication/WAVE_2_OD_005_DRAFT_ADJUDICATION.md,NONE_RECORDED,,762f1a5c2a75b237f5016557f3a5222ce887cd4ebe40b83407ce6e40f8fd4d3b,NO_PRIOR_RECORD
ART-037,docs/thesis/pilot_annotation/model3b_v2/adjudication/WAVE_2_OD_006_DRAFT_ADJUDICATION.md,NONE_RECORDED,,9e07921a2975456348dd1b75f814571f9b9c10fdcc75baf513eee00dfcd62c6d,NO_PRIOR_RECORD
ART-038,docs/thesis/pilot_annotation/model3b_v2/adjudication/WAVE_2_OD_015_DRAFT_PROCEDURAL_CONTRACT.md,NONE_RECORDED,,84411737ff946b21223deb3f5254371b79d8bcebb3f65b4eadf33b27116f0f98,NO_PRIOR_RECORD
ART-039,docs/thesis/pilot_annotation/model3b_v2/adjudication/WAVE_2_OD_005_006_015_DRAFT_RECONCILIATION.md,NONE_RECORDED,,a27652dba26e5e52fa57d18121eb7d613b286b566ec32d5963a3d6d053ed9343,NO_PRIOR_RECORD
ART-040,docs/thesis/pilot_annotation/model3b_v2/adjudication/WAVE_2_OD_005_SPECIFICATION_CLARIFICATION_REVIEW.md,NONE_RECORDED,,f3a395ffd0b8f8a5867de19ebb677b517f06934de417880ef40d72221866c8f0,NO_PRIOR_RECORD
ART-041,docs/thesis/pilot_annotation/model3b_v2/adjudication/WAVE_2_OD_006_SPECIFICATION_CLARIFICATION_REVIEW.md,NONE_RECORDED,,eb46d1e04caadffbf8896ae1cab668c1dd05794df11131f61b5ffe750cafc96d,NO_PRIOR_RECORD
ART-042,docs/thesis/pilot_annotation/model3b_v2/adjudication/WAVE_2_OD_005_006_CLARIFICATION_RECONCILIATION.md,NONE_RECORDED,,a49f0c0bebf07a2130ebb4851ba5e1cfb9e2854948c798314e5450ef4a6fed72,NO_PRIOR_RECORD
ART-043,docs/thesis/pilot_annotation/MODEL_3B_AMENDMENT_01_M0_ADJUDICATION.md,NONE_RECORDED,,ce248a127259eddbfcf39055b7e4b98c14f6ee3419e4bdc1d69673266620a200,NO_PRIOR_RECORD
ART-044,docs/thesis/pilot_annotation/MODEL_3B_AMENDMENT_02_M2_ESTIMAND_ADJUDICATION.md,NONE_RECORDED,,5fb734153a9804bc9a852ed10fb5189263e692ca355c5a210d72998df22b02e4,NO_PRIOR_RECORD
ART-045,docs/thesis/pilot_annotation/MODEL_3B_AMENDMENT_03_M2_FULL_SCALE_ADJUDICATION.md,NONE_RECORDED,,74e6986fcbf19ae652f5be2534c500c4c1e0c3e7e7680a0ea2d0eb01345d4b8a,NO_PRIOR_RECORD
ART-046,docs/thesis/pilot_annotation/MODEL_3B_AMENDMENT_04_M3_EXACT_NULL_ADJUDICATION.md,NONE_RECORDED,,8c0e56b73a44d824e5a172affdee28f7a1cd46106bc9b4c6dea07ff331078c19,NO_PRIOR_RECORD
ART-047,docs/thesis/pilot_annotation/MODEL_3B_AMENDMENT_05_M3_DECISION_RULE_ADJUDICATION.md,NONE_RECORDED,,7d638d2083bfcb8860b89b2d39bbc4184842e241ec0f3cd7a5ca6980b815a3a5,NO_PRIOR_RECORD
ART-048,docs/thesis/pilot_annotation/MODEL_3B_AMENDMENT_06_ADVISORY_GATES_ADJUDICATION.md,NONE_RECORDED,,930af3d98ce07fadbff0a279261a92a1e2f3738f8f19849e63bee293d714d3fb,NO_PRIOR_RECORD
ART-049,docs/thesis/pilot_annotation/MODEL_3B_AMENDMENT_07_M3_GATE031_RETIREMENT_ADJUDICATION.md,NONE_RECORDED,,da12185835921c9e7c96be89e733ed2b471f3609b40bbc6c7249dd985c5be91f,NO_PRIOR_RECORD
ART-050,docs/thesis/pilot_annotation/MODEL_3B_AMENDMENT_DECISION_LEDGER.csv,NONE_RECORDED,,d214763d2763f4a86e1e5c3412450b5bc6fa948dca8343a03272f1517b881062,NO_PRIOR_RECORD
ART-051,docs/thesis/pilot_annotation/MODEL_3B_AMENDMENT_DEPENDENCY_MATRIX.csv,NONE_RECORDED,,3ddfd2cdff97828426f1f9e3ddfbf7ecc239829665338cbd6acdfcdf8c56b2c7,NO_PRIOR_RECORD
ART-052,docs/thesis/pilot_annotation/MODEL_3B_AMENDMENT_IMPLEMENTATION_WAVES.md,NONE_RECORDED,,ae2e20c46f4aaeb9454def3d468f5d26e4285d3ede706d0811d18b3408006bea,NO_PRIOR_RECORD
ART-053,docs/thesis/pilot_annotation/MODEL_3B_AMENDMENT_TEST_INVENTORY.csv,NONE_RECORDED,,f6bed386823f3c064c32543c830f02a92ef96c7528e894473bfaf632c49865be,NO_PRIOR_RECORD
ART-054,docs/thesis/pilot_annotation/MODEL_3B_ARCHIVAL_DENSITY_COMPARISON_MATRIX.md,NONE_RECORDED,,f0e13948bf2448d7444e429289d9dc9e43a33c9a9b5ae8a4a7e31fd575a46068,NO_PRIOR_RECORD
ART-055,docs/thesis/pilot_annotation/MODEL_3B_ARCHIVAL_DENSITY_CONTROL_PLAN_DRAFT.md,NONE_RECORDED,,de34b2456389e706991cfc25ec25a73e2378c0b77d45659794f7aecbb5795a95,NO_PRIOR_RECORD
ART-056,docs/thesis/pilot_annotation/MODEL_3B_CANDIDATE_IMPLEMENTATION_REVIEW.md,NONE_RECORDED,,0dc29d3d53de18e59d497650bf88f3b4c1996902f98d4b7ddf28cc696b4f6034,NO_PRIOR_RECORD
ART-057,docs/thesis/pilot_annotation/MODEL_3B_CD_FINAL_1000_EXECUTION_PLAN.md,NONE_RECORDED,,7d7d06d80da79d21c2e1883020679300d7bc97715fe95c2139f0a99aaa8ea8ae,NO_PRIOR_RECORD
ART-058,docs/thesis/pilot_annotation/MODEL_3B_CD_FINAL_1000_RECOVERY_AUDIT.md,NONE_RECORDED,,7ffaa736aebaf91ddf93d5ca14ad4cefac9c2e94f4c4149c5d7cd5721af94a5d,NO_PRIOR_RECORD
ART-059,docs/thesis/pilot_annotation/MODEL_3B_CD_INSTRUMENTATION_PILOT_10x10_AUDIT.md,NONE_RECORDED,,d9326b03e26aeeebb891ffdf1f8fd5c27d13e62b62dac0f6a726c011e12687b0,NO_PRIOR_RECORD
ART-060,docs/thesis/pilot_annotation/MODEL_3B_CD_INSTRUMENTATION_PILOT_BLOCKER.md,NONE_RECORDED,,d9b3bcaa51f6dadbc0312cdf3120a70dd31f1705994c0efa736686567306086c,NO_PRIOR_RECORD
ART-061,docs/thesis/pilot_annotation/MODEL_3B_CD_MASTER_BLUEPRINT.md,NONE_RECORDED,,56f941e2bf44ee08f536f09a34d1354f7e4c342d9510b27379e0f4392c01a00c,NO_PRIOR_RECORD
ART-062,docs/thesis/pilot_annotation/MODEL_3B_CD_PILOT_100_AUDIT.md,NONE_RECORDED,,907a5ccefd5998bfcab66564f21965038aab384c4d21d5cb879f674d26ce1b11,NO_PRIOR_RECORD
ART-063,docs/thesis/pilot_annotation/MODEL_3B_CD_SIMULATION_CELL_MANIFEST.md,NONE_RECORDED,,5a0354f241e03c9259e22697b5bf4548cf35db6b0fd1a75ccf4dbdc738360ecb,NO_PRIOR_RECORD
ART-064,docs/thesis/pilot_annotation/MODEL_3B_CD_SIMULATION_RECOVERY_PLAN.md,NONE_RECORDED,,527bd70d5852e972263fbd1e4e7e80d7a000d1e744f38ed9ca7b2056d3e0a106,NO_PRIOR_RECORD
ART-065,docs/thesis/pilot_annotation/MODEL_3B_CD_V1_POSTMORTEM.md,NONE_RECORDED,,1a4a83dd726f555066649a4b2c83463489737727820949fb19de2a7fcfc5a6af,NO_PRIOR_RECORD
ART-066,docs/thesis/pilot_annotation/MODEL_3B_CD_V1_STATUS_ADDENDUM_RESEARCH_ONLY.md,NONE_RECORDED,,1ee828d5f31c300b5fd0f9d90da2a63f8f3a8037329b56f0cdd6c2b04900521e,NO_PRIOR_RECORD
ART-067,docs/thesis/pilot_annotation/MODEL_3B_COLONIAL_CATEGORY_AND_RESISTANCE_INTERPRETIVE_AUDIT.md,NONE_RECORDED,,70c2ca82a0be14be55150a908b8d1c89d8245eb22205daa658e5357c54beaf9e,NO_PRIOR_RECORD
ART-068,docs/thesis/pilot_annotation/MODEL_3B_COMPLETE_AMENDMENT_CONSISTENCY_AUDIT.md,NONE_RECORDED,,977b70802f0f4b6ac1324cb48e7fff42ff712f55c5239454643810367b5df75a,NO_PRIOR_RECORD
ART-069,docs/thesis/pilot_annotation/MODEL_3B_CONDITIONAL_CLUSTERING_TEST_AUDIT.md,NONE_RECORDED,,e99ac0308b16f797e9738d5e8449f042d3b9e1c984424ff941524860477764c0,NO_PRIOR_RECORD
ART-070,docs/thesis/pilot_annotation/MODEL_3B_CONDITIONAL_CLUSTERING_TEST_PLAN.md,NONE_RECORDED,,c96d70840843c63c3bfc790f295a47a92750368898271a8fe5e2d948dacc213c,NO_PRIOR_RECORD
ART-071,docs/thesis/pilot_annotation/MODEL_3B_EVENT_SOURCE_PROVENANCE_AUDIT.md,NONE_RECORDED,,a2e79dcd2d39e319f7e560cb0fed7333319a0429e08653889989f1b605621f9f,NO_PRIOR_RECORD
ART-072,docs/thesis/pilot_annotation/MODEL_3B_FINAL_EPISTEMIC_STATUS.md,NONE_RECORDED,,f874580223e8e0b1c86126d3a68f19f56bed8b0aad8c876f4b8372cb62ecdc34,NO_PRIOR_RECORD
ART-073,docs/thesis/pilot_annotation/MODEL_3B_FUTURE_GATE_APPLICABILITY_MATRIX.csv,NONE_RECORDED,,6bb150aca3292cab040e19dafb0cd795d7294712fd8c6aed068fccc7a46b7b88,NO_PRIOR_RECORD
ART-074,docs/thesis/pilot_annotation/MODEL_3B_GATE_AMENDMENT_PROPOSAL.md,NONE_RECORDED,,849a7c16025dd94ef800e58bbb2f209a91673b1a9b65aa20be63b2bec7e1c755,NO_PRIOR_RECORD
ART-075,docs/thesis/pilot_annotation/MODEL_3B_LEAVE_SOURCE_OUT_FEASIBILITY.md,NONE_RECORDED,,5f8e4804a34b6d73896ae05a4cf65d3e33a4a6479735d3020b38e0655a263ae0,NO_PRIOR_RECORD
ART-076,docs/thesis/pilot_annotation/MODEL_3B_M0_INTERVAL_COVERAGE_AUDIT.md,NONE_RECORDED,,6ca661fbad61b177e28f75c744533a68b3bc1b0a343371f29693f3fe68a6948e,NO_PRIOR_RECORD
ART-077,docs/thesis/pilot_annotation/MODEL_3B_M2_IDENTIFIABILITY_PROFILE.md,NONE_RECORDED,,002b4c4dcd0938442f7ca5406b7a8ae59f1ad9fa516eb16c3f5ed2e944b80cd4,NO_PRIOR_RECORD
ART-078,docs/thesis/pilot_annotation/MODEL_3B_M3_NULL_BOUNDARY_AUDIT.md,NONE_RECORDED,,dc8b841472ea599c93ce85c367a72d0be993f91fa3f93df7266cd242a7472b8d,NO_PRIOR_RECORD
ART-079,docs/thesis/pilot_annotation/MODEL_3B_OBSERVATION_REGIME_SIMULATION_SPEC.md,NONE_RECORDED,,9caabd53c825b49ee4dce0d7f834911a14473842aaad16ff1437b2857dd71fec,NO_PRIOR_RECORD
ART-080,docs/thesis/pilot_annotation/MODEL_3B_PARENT_EPISODE_CONCENTRATION_REVIEW.md,NONE_RECORDED,,389cc787224eae968383115652803a04a199cb23f3ebe754c2e0d7e773abc337,NO_PRIOR_RECORD
ART-081,docs/thesis/pilot_annotation/MODEL_3B_PHASE0_AUDIT_SUMMARY.md,NONE_RECORDED,,232f81d5c5848ca3c6c771dcb0ef7d2ea4c4ec5df266b375eb610ba49e1bcc65,NO_PRIOR_RECORD
ART-082,docs/thesis/pilot_annotation/MODEL_3B_PHASE0_DATE_PRECISION_LEDGER.csv,NONE_RECORDED,,0de62ceb5606d47cfb269dd1381beddaa8a588ed26799a7ac42e5f5dec2da8e8,NO_PRIOR_RECORD
ART-083,docs/thesis/pilot_annotation/MODEL_3B_PHASE_B_PROVENANCE_AUDIT_PLAN.md,NONE_RECORDED,,612c36f475053130212e594a808e11e4fff498cae59f2d41370a83077d2e9512,NO_PRIOR_RECORD
ART-084,docs/thesis/pilot_annotation/MODEL_3B_PILOT_GATE_CLASSIFICATION.csv,NONE_RECORDED,,0916b1593f93c82e43d7592bcde56d11b0048a9e8199e0c8a30f566754dfbfb1,NO_PRIOR_RECORD
ART-085,docs/thesis/pilot_annotation/MODEL_3B_PILOT_RECOVERY_DIAGNOSTIC_AUDIT.md,NONE_RECORDED,,181d43639d676185d17c567ef4a121458aca8eff9e47fee2b2aa5f15e4c06624,NO_PRIOR_RECORD
ART-086,docs/thesis/pilot_annotation/MODEL_3B_POST_PHASE_D_EPISTEMOLOGICAL_NOTE.md,NONE_RECORDED,,355b6173bf61db7cefa1fdaaaf797136aed7b1353d83e0cd4f92f0f72a2abf66,NO_PRIOR_RECORD
ART-087,docs/thesis/pilot_annotation/MODEL_3B_RECOVERY_GATE_SPECIFICATION.csv,d4d4d3f5215c2b76fffe0cd40bc59a6ffc78eded93db3188eb598aae468df22b,"MODEL_3B_RECOVERY_PROTOCOL_V2.md (line 23) -- NOTE: this file was NOT moved (historical archive, original 70-row gate spec)",d4d4d3f5215c2b76fffe0cd40bc59a6ffc78eded93db3188eb598aae468df22b,MATCH
ART-088,docs/thesis/pilot_annotation/MODEL_3B_RECOVERY_TOURNAMENT_DESIGN.md,NONE_RECORDED,,b7dd57d501da0c31c02a1779cde4fe71ff07b53b4f9d1a1dcef0e98ae5eab236,NO_PRIOR_RECORD
ART-089,docs/thesis/pilot_annotation/MODEL_3B_RECOVERY_TOURNAMENT_EXECUTION_PROTOCOL.md,NONE_RECORDED,,343210133907999061247a5566f158dfe0bf92d00a4f0e7dc7b871c6ee1365a8,NO_PRIOR_RECORD
ART-090,docs/thesis/pilot_annotation/MODEL_3B_ROOT_CAUSE_AND_LITERATURE_COMPATIBILITY_AUDIT.md,NONE_RECORDED,,baf01cfc0a991d58da135dc32be870cd4e90a42f78d41b4a229ba5cf1928514a,NO_PRIOR_RECORD
ART-091,docs/thesis/pilot_annotation/MODEL_3B_SYNTHETIC_RECOVERY_RESULTS.md,NONE_RECORDED,,c2edabcb01eb0fcb17c78f0b2579262210cf8fca87706ac0946734ee886c4f7b,NO_PRIOR_RECORD
ART-092,docs/thesis/pilot_annotation/MODEL_3B_TOURNAMENT_GONOGO_SUMMARY.md,NONE_RECORDED,,e43bc996f0c84d2fdca8edb15319fd8da3a81556bbe9628d6ae09cdaae0793a4,NO_PRIOR_RECORD
ART-093,docs/thesis/pilot_annotation/MODEL_3B_VARIABLE_ROLE_DECISION_MATRIX.csv,NONE_RECORDED,,15a815cab97e3fcebee372ec2fc5c95353ee41f5ef89f9b643126f8f724ac5a0,NO_PRIOR_RECORD
ART-094,docs/thesis/colab/model3b_spec_validator/__init__.py,NONE_RECORDED,,50d2646117886162809375fdaae529b4b464444bdb504853b87b4afcda0c03fc,NO_PRIOR_RECORD
ART-095,docs/thesis/colab/model3b_spec_validator/applicability_validator.py,NONE_RECORDED,,a201a948aa3eeb01bee2b12aa88107e355bee9a3aa91a162d8ae908dca5fd395,NO_PRIOR_RECORD
ART-096,docs/thesis/colab/model3b_spec_validator/parser.py,NONE_RECORDED,,37dd0355612bc66a4df42d18b638c3cc40b0a8169118cde940d6818a3b98b1c3,NO_PRIOR_RECORD
ART-097,docs/thesis/colab/model3b_spec_validator/schema_validator.py,NONE_RECORDED,,bdf6d5be403295b77ba36df4dc0c6f087afba404bf26d15e902266ae8212dbfe,NO_PRIOR_RECORD
ART-098,docs/thesis/colab/model3b_spec_validator/tests/__init__.py,NONE_RECORDED,,e3b0c44298fc1c149afbf4c8996fb92427ae41e4649b934ca495991b7852b855,NO_PRIOR_RECORD
ART-099,docs/thesis/colab/model3b_spec_validator/tests/test_applicability_validator.py,NONE_RECORDED,,5954273634c73b5ad698aa14b3f8cc56abf3e1a1ca65187471e2643dbf7e0589,NO_PRIOR_RECORD
ART-100,docs/thesis/colab/model3b_spec_validator/tests/test_parser.py,NONE_RECORDED,,1a22db1a0398ad657ab6d41fa7985952ae2282f5370eff5cc32158ec5ff6d432,NO_PRIOR_RECORD
ART-101,docs/thesis/colab/model3b_spec_validator/tests/test_schema_validator.py,NONE_RECORDED,,89b5bdd5b7c5ad250e0c0c745f3eaf2ac56f3d42b09b74890713cf2967641ed3,NO_PRIOR_RECORD
ART-102,docs/thesis/colab/model3b_spec_validator/validate_frozen_baseline.py,NONE_RECORDED,,2496cd47d891e47b5fa55f74ea98aeda914fe7c6ad79aa5d6048a44074456536,NO_PRIOR_RECORD
ART-103,docs/thesis/colab/model3b_spec_validator/tests/fixtures/broken_gate_spec_blank_field.csv,NONE_RECORDED,,3796e1cb5db83b33af10425294c9944634e5e3f5c886d6ffb29d1ff0e96b0742,NO_PRIOR_RECORD
ART-104,docs/thesis/colab/model3b_spec_validator/tests/fixtures/broken_gate_spec_duplicate_id.csv,NONE_RECORDED,,121e7797eaf48a49429de5377110b9b3de1cbf7a2fee2abd481d9bb87bd4d73c,NO_PRIOR_RECORD
ART-105,docs/thesis/colab/model3b_spec_validator/tests/fixtures/broken_ledger_bad_status.csv,NONE_RECORDED,,9e206f5ef1b00c8d412aef70f3e7cd149b86e85da35b9de4bc374418c5e0b31c,NO_PRIOR_RECORD
ART-106,docs/thesis/colab/model3b_spec_validator/tests/fixtures/minimal_gate_spec.csv,NONE_RECORDED,,63c5878b881798ed7e84d0eb9c5b483f58252ce559d939814a12c5e0f02b6298,NO_PRIOR_RECORD
ART-107,docs/thesis/colab/model3b_spec_validator/tests/fixtures/minimal_ledger.csv,NONE_RECORDED,,0eb9243a9b58fb04025914d8b3644a26841530429080bd2e1101948402615dda,NO_PRIOR_RECORD
ART-108,docs/thesis/colab/model3b_tournament_harness/__init__.py,NONE_RECORDED,,b0a76fbdadfde8e5b1fc1b15200a2c0e3d221d41bcdfd3d59bb4d7c6b9cadf74,NO_PRIOR_RECORD
ART-109,docs/thesis/colab/model3b_tournament_harness/m0_baseline.py,NONE_RECORDED,,dee71c334f95e916eac11042fa4ed2c40b37a94d7d50dfbc7d8110112f76e5e9,NO_PRIOR_RECORD
ART-110,docs/thesis/colab/model3b_tournament_harness/m0_smoke_test.py,NONE_RECORDED,,acf14b2e0fb8beb729b2d09922183236ce0597376120a85826de0694c03860df,NO_PRIOR_RECORD
ART-111,docs/thesis/colab/model3b_tournament_harness/m2_mbpp.py,NONE_RECORDED,,1d604c7535203927dca83040cedecf6882f4b4841d36f3635e9293d7b56fd6e0,NO_PRIOR_RECORD
ART-112,docs/thesis/colab/model3b_tournament_harness/m2_smoke_test.py,NONE_RECORDED,,0d33e46a49b2d8218fecd6d5f86acbc47ab1599e3c6f0667e8df3a5a678e428f,NO_PRIOR_RECORD
ART-113,docs/thesis/colab/model3b_tournament_harness/m3_bayesian_discrete.py,NONE_RECORDED,,e9c4f8133fa7643c8587e5a40977547c5a762ed3c48160b1643297057ce322a1,NO_PRIOR_RECORD
ART-114,docs/thesis/colab/model3b_tournament_harness/m3_smoke_test.py,NONE_RECORDED,,cceef1fdc03d30b966ead3daf8fe1daa4274a2be6c4e6b32e91d316a0bcaa3a2,NO_PRIOR_RECORD
ART-115,docs/thesis/colab/model3b_tournament_harness/observation_pipeline.py,NONE_RECORDED,,eedb26110fbd2b41ab072af9d16780473bf20914df8b0a5f79c77fa3925aa29c,NO_PRIOR_RECORD
ART-116,docs/thesis/colab/model3b_tournament_harness/recovery_metrics.py,NONE_RECORDED,,a83f6712bed1d91d26b6c103ba500f581382d6cb1353a61e81b4e19a84c3a6b0,NO_PRIOR_RECORD
ART-117,docs/thesis/colab/model3b_tournament_harness/run_recovery_m0.py,NONE_RECORDED,,c3b17aeb9bfc8d62240430cc696edb9780984c8e2d52355799c77a7d365e92f1,NO_PRIOR_RECORD
ART-118,docs/thesis/colab/model3b_tournament_harness/run_recovery_m2.py,NONE_RECORDED,,1a583f955cb77310cff568a72cdd45ab1508416ba5e2d68437a13e097b05aec4,NO_PRIOR_RECORD
ART-119,docs/thesis/colab/model3b_tournament_harness/run_recovery_m3.py,NONE_RECORDED,,a7da487dff7fa40332ba1bc5c71873eb0ca1d3dad28fb1f558b125d6a060651f,NO_PRIOR_RECORD
ART-120,docs/thesis/colab/model3b_cd_simulator/__init__.py,NONE_RECORDED,,d63bdb74ebc1f043e91dc67f92f36802385b0733a38b24261892176a03b6cf1f,NO_PRIOR_RECORD
ART-121,docs/thesis/colab/model3b_cd_simulator/density.py,NONE_RECORDED,,c9d6f722749e089a05abb3ef6cf15b0775e14383711bc2ccc8b32da6a9b77cfe,NO_PRIOR_RECORD
ART-122,docs/thesis/colab/model3b_cd_simulator/estimate.py,NONE_RECORDED,,aabba5db4b80bead82d951537bd0f60cfaeba74a6af2e9f6181402327c46d809,NO_PRIOR_RECORD
ART-123,docs/thesis/colab/model3b_cd_simulator/gamma_cluster_simulator.py,NONE_RECORDED,,c20eb0ec0ac19457976877c9e99d73968cfb8a39f48048f22c1b484339404153,NO_PRIOR_RECORD
ART-124,docs/thesis/colab/model3b_cd_simulator/hessian.py,NONE_RECORDED,,91bd0b60686c918b40631744f9ee13b98898f4f299f37914520ea0f9c5f2c829,NO_PRIOR_RECORD
ART-125,docs/thesis/colab/model3b_cd_simulator/inference.py,NONE_RECORDED,,784e71e54b6df5437c0c7b284d3f07261ff6cc8bcb6783a913506eb12d09b510,NO_PRIOR_RECORD
ART-126,docs/thesis/colab/model3b_cd_simulator/inference_smoke_test.py,NONE_RECORDED,,bf4f05e64e26ea821808bb5164cebf50a911fc09c495294ba3aabc18555e5e21,NO_PRIOR_RECORD
ART-127,docs/thesis/colab/model3b_cd_simulator/kernel.py,NONE_RECORDED,,198e7d52441cea8a54f600d623e9da9557baa42d07f43505f21fffa0073fbfa5,NO_PRIOR_RECORD
ART-128,docs/thesis/colab/model3b_cd_simulator/likelihood.py,NONE_RECORDED,,a752d3f69fdf92909e8ab1f39fbe2330924ca04a6e3e9af3159c310b3b95a29f,NO_PRIOR_RECORD
ART-129,docs/thesis/colab/model3b_cd_simulator/logging_utils.py,NONE_RECORDED,,d1650647dc27fa7fc4d4234f82aaf8d7b5da2d0192335ae9159ba1f925927ebf,NO_PRIOR_RECORD
ART-130,docs/thesis/colab/model3b_cd_simulator/metrics.py,NONE_RECORDED,,ed7fc42e084542bbda82dd1d534b5066b13a501df76a88348cec491b5707d1ed,NO_PRIOR_RECORD
ART-131,docs/thesis/colab/model3b_cd_simulator/persistence.py,NONE_RECORDED,,0dfd242afc5793cd5b855f0ee3dde999183a04e20b2fc0e4bc94b6f55c56bac9,NO_PRIOR_RECORD
ART-132,docs/thesis/colab/model3b_cd_simulator/persistence_smoke_test.py,NONE_RECORDED,,f7b2a63fcb622ea41633d50057559d62e9fefca9560dd8d25e18d231a38bc45c,NO_PRIOR_RECORD
ART-133,docs/thesis/colab/model3b_cd_simulator/rng.py,NONE_RECORDED,,cfb9649eeadb82cdb70eae02175fd0c8266566a1c31b1c422ebdcf3fa55c8e60,NO_PRIOR_RECORD
ART-134,docs/thesis/colab/model3b_cd_simulator/schema.py,NONE_RECORDED,,b6832eb99866f1918ea6302a525c48d158c17877010ec7720d533b2650abc240,NO_PRIOR_RECORD
ART-135,docs/thesis/colab/model3b_cd_simulator/simulate.py,NONE_RECORDED,,c7587fbaac34a036080727452ec6b8f679b7bd9699a87b9e0b5f2e5b9b977b55,NO_PRIOR_RECORD
ART-136,docs/thesis/colab/model3b_cd_simulator/smoke_test.py,NONE_RECORDED,,b4127cb9513534dc90838804c14a8e7bf5c13890b40e42ed585e085e4d988e78,NO_PRIOR_RECORD
ART-137,docs/thesis/colab/model3b_cd_simulator/tests/conftest.py,NONE_RECORDED,,f029a568803d71441d63a0ea87b6f2bc52788377a337c10b54b2a3b3e3ef7dac,NO_PRIOR_RECORD
ART-138,docs/thesis/colab/model3b_cd_simulator/tests/test_density_source_immutable.py,NONE_RECORDED,,27415ba83832f9ae82107aacb6f4a815dfc1d23ec74589bb8d85d5cd7b8bc0d6,NO_PRIOR_RECORD
ART-139,docs/thesis/colab/model3b_cd_simulator/tests/test_estimate_failure_logging.py,NONE_RECORDED,,612630596d554b85fc0aa698abe125edb6cd9eeb225a731ba3d39c48e0942172,NO_PRIOR_RECORD
ART-140,docs/thesis/colab/model3b_cd_simulator/tests/test_gamma_cluster_simulator.py,NONE_RECORDED,,055f9651af1e65a194fe0e799568d4cc56754def6729839e6e6921dee97b515c,NO_PRIOR_RECORD
ART-141,docs/thesis/colab/model3b_cd_simulator/tests/test_hessian.py,NONE_RECORDED,,0666f3d0ae2e39f3245a5f2a41c00777eeb050b36fc2b35a4f3ef6e113f2f756,NO_PRIOR_RECORD
ART-142,docs/thesis/colab/model3b_cd_simulator/tests/test_inference.py,NONE_RECORDED,,f28df7d7c0182bb984a39ea6a575732dcec69cdd7a6f87621177cde629be8793,NO_PRIOR_RECORD
ART-143,docs/thesis/colab/model3b_cd_simulator/tests/test_inference_smoke.py,NONE_RECORDED,,b542973d179603e363fbcfac38822b15938a9bc77c2e3938f9d8589ec5f2f981,NO_PRIOR_RECORD
ART-144,docs/thesis/colab/model3b_cd_simulator/tests/test_intensity_composition.py,NONE_RECORDED,,85d9df2fab02951fdfd2fcc734c3f434257198095ff1d8d456ad2a3f98b7de00,NO_PRIOR_RECORD
ART-145,docs/thesis/colab/model3b_cd_simulator/tests/test_mathematical_audit.py,NONE_RECORDED,,b816d54b168038a3366920be4ad7593cce4c83d4921e0e56cd811997934e1ba9,NO_PRIOR_RECORD
ART-146,docs/thesis/colab/model3b_cd_simulator/tests/test_persistence.py,NONE_RECORDED,,ae640ab51319bb45d7bb7d512dae8e7af830e2123e477c2c3b4d475d5cd7abf8,NO_PRIOR_RECORD
ART-147,docs/thesis/colab/model3b_cd_simulator/tests/test_persistence_smoke.py,NONE_RECORDED,,1098295f7405860a9e65016e4b89c3064585103769f15220a9b79d09d6c4eeb4,NO_PRIOR_RECORD
ART-148,docs/thesis/colab/model3b_cd_simulator/tests/test_reference_audit_inference.py,NONE_RECORDED,,2d6a9ed243ae56a7cd0b004f3497fb6f0069c87ce7586a6f995959bb54fca8b0,NO_PRIOR_RECORD
ART-149,docs/thesis/colab/model3b_cd_simulator/tests/test_reproducibility_and_bounds.py,NONE_RECORDED,,2aa8e0d558b3ebd8045fa696d15c08ee59cf957b6bf29c7feda18baea7ee78fe,NO_PRIOR_RECORD
ART-150,docs/thesis/colab/model3b_cd_simulator/tests/test_schema.py,NONE_RECORDED,,4d422b229e5e6cb11ce1989e26b26dea48155baf83ab058d4df01b1edcfe06dd,NO_PRIOR_RECORD
ART-151,docs/thesis/colab/model3b_cd_simulator/tests/test_smoke.py,NONE_RECORDED,,03f4bca69c51f985d0f3bf8bf6ac14e0c3b90c2c80b87d24d18f1eff16bc942b,NO_PRIOR_RECORD
ART-152,docs/thesis/colab/model3b_cd_simulator/tests/test_validation_and_branching_ratio.py,NONE_RECORDED,,5f5735a2dabdfa98c7b34e7870fa07571739f1bb1f2259f2c85bc565928d8ddd,NO_PRIOR_RECORD
ART-153,docs/thesis/colab/model3b_cd_simulator/validation.py,NONE_RECORDED,,1bc13b7305689638fc617df7f3928bfed2d443b12dba283462de4376c1a3ccdc,NO_PRIOR_RECORD
