task_id,sprint_id,epic,title,problem_statement,deliverable,dependencies,allowed_files,prohibited_files,evidence_requirement,acceptance_criteria,tests,priority,risk,status,external_blocker,owner,commit_hash,review_decision
S0-01,0,Governance & Baseline,Draft critical historical model plan (first draft),Need a Critical Accounting Theory-informed redesign plan for /riset/enclave-1682/ before any implementation.,First-draft ENCLAVE_1682_CRITICAL_MODEL_PLAN.md,none,docs/enclave/implementation/ENCLAVE_1682_CRITICAL_MODEL_PLAN.md,"docs/enclave/salido_hdt_model_v0_3/**; docs/enclave/salido_hdt_model_v0_4/**; docs/enclave/salido_hdt_model_v0_4_1/**; docs/enclave/enklave-salido.docx; frontend/map_app/data/enclave_1682_solver_run/**; data/salido_solver_snapshot/**; salido_hdt.solver.cli source (not in this checkout); docker-compose.yml (except the single future mount explicitly planned in CRITICAL_MODEL_PLAN.md §18, which requires its own separate authorization when attempted)",Document exists and covers all 18 required plan sections.,Superseded by S0-02 after review identified two factual errors (restraint-device absence claim; 372 double-count). Never committed to git.,N/A (documentation task),P0,"low — superseded before commit, no downstream effect",done,none,,"(uncommitted, superseded)",superseded_by_S0-02
S0-02,0,Governance & Baseline,Revise plan: correct restraint-device evidence and population double-count; commit as design baseline,"First draft wrongly declared restraint devices absent (checked canonical CSV only, not DOCX) and double-counted the Madagascar cohort (372 vs corrected tiers).","Revised ENCLAVE_1682_CRITICAL_MODEL_PLAN.md with §0 Revision History, corrected C1-C12, six-tier count model (§8), five renamed required schemas (§5).",S0-01,docs/enclave/implementation/ENCLAVE_1682_CRITICAL_MODEL_PLAN.md,"docs/enclave/salido_hdt_model_v0_3/**; docs/enclave/salido_hdt_model_v0_4/**; docs/enclave/salido_hdt_model_v0_4_1/**; docs/enclave/enklave-salido.docx; frontend/map_app/data/enclave_1682_solver_run/**; data/salido_solver_snapshot/**; salido_hdt.solver.cli source (not in this checkout); docker-compose.yml (except the single future mount explicitly planned in CRITICAL_MODEL_PLAN.md §18, which requires its own separate authorization when attempted)","Both corrections independently re-verified (direct DOCX word/document.xml extraction; arithmetic re-check of 06_human_groups.csv) before being written in; 308 always labelled provisional, never verified/total/cross-document/naming-denominator.",Committed with only this one file staged; git diff --stat empty for all tracked files before commit; zero diff confirmed for all three canonical dataset directories.,N/A (documentation task),P0,"low — documentation only, no code/data touched",done,none,,4ff7dff,approved_as_design_baseline
S0-03,0,Governance & Baseline,Author Phase A0 sprint board and commit,"Plan §15 Phase A0 defines two required audits (restraint-device extraction, cross-document overlap) that need ticket-level tracking before Phase A can start.","PHASE_A0_SPRINT_BOARD.md — 11 tickets across two workstreams, gate condition stated explicitly.",S0-02,docs/enclave/implementation/PHASE_A0_SPRINT_BOARD.md,"docs/enclave/salido_hdt_model_v0_3/**; docs/enclave/salido_hdt_model_v0_4/**; docs/enclave/salido_hdt_model_v0_4_1/**; docs/enclave/enklave-salido.docx; frontend/map_app/data/enclave_1682_solver_run/**; data/salido_solver_snapshot/**; salido_hdt.solver.cli source (not in this checkout); docker-compose.yml (except the single future mount explicitly planned in CRITICAL_MODEL_PLAN.md §18, which requires its own separate authorization when attempted)",Board approved as operational evidence-reconciliation board; committed alone (git diff --cached --name-status shows exactly one file).,Board contains SP-01267/SP-01344 passage-ID refinement found during setup; docs/enclave/scans/ absence confirmed and flagged as the sole external blocker.,N/A (documentation task),P0,low — documentation only,done,none,,40365b3,approved_as_operational_board
S0-04,0,Governance & Baseline,Author master delivery board and backlog CSV,"Need a single Sprint 0-6 delivery board and machine-readable backlog spanning the whole critical-model programme, referencing (not duplicating) the Phase A0 board.",ENCLAVE_1682_MASTER_SPRINT_BOARD.md + ENCLAVE_1682_BACKLOG.csv (this deliverable).,"S0-02, S0-03",docs/enclave/implementation/ENCLAVE_1682_MASTER_SPRINT_BOARD.md; docs/enclave/implementation/ENCLAVE_1682_BACKLOG.csv,"docs/enclave/salido_hdt_model_v0_3/**; docs/enclave/salido_hdt_model_v0_4/**; docs/enclave/salido_hdt_model_v0_4_1/**; docs/enclave/enklave-salido.docx; frontend/map_app/data/enclave_1682_solver_run/**; data/salido_solver_snapshot/**; salido_hdt.solver.cli source (not in this checkout); docker-compose.yml (except the single future mount explicitly planned in CRITICAL_MODEL_PLAN.md §18, which requires its own separate authorization when attempted)",Both files written; zero diff confirmed for canonical datasets; not committed per instruction (planning only).,Every task traces to a specific plan section or Phase A0 ticket range; Sprint 1 references A0-1..A0-11 by ID instead of restating descriptions.,N/A (documentation task),P0,"low — documentation only, explicitly not committed this turn",done,none,Muhammad Ikbal,9499285,approved
S0-05,0,Governance & Baseline,Establish release mapping and sprint gate conditions,"Multiple artifacts (canonical dataset, plan, boards, future critical-layer dataset, page, solver, Petri net, simulation) need one authoritative version/status table so no sprint can silently assume a later artifact exists.","Release mapping table (this document, 'Release mapping' section) + explicit per-sprint gate conditions.","S0-02, S0-03",docs/enclave/implementation/ENCLAVE_1682_MASTER_SPRINT_BOARD.md,"docs/enclave/salido_hdt_model_v0_3/**; docs/enclave/salido_hdt_model_v0_4/**; docs/enclave/salido_hdt_model_v0_4_1/**; docs/enclave/enklave-salido.docx; frontend/map_app/data/enclave_1682_solver_run/**; data/salido_solver_snapshot/**; salido_hdt.solver.cli source (not in this checkout); docker-compose.yml (except the single future mount explicitly planned in CRITICAL_MODEL_PLAN.md §18, which requires its own separate authorization when attempted)",Table matches the mapping given in this turn's instruction exactly (v0.4.1 immutable; plan @ 4ff7dff; A0 board @ its commit; v0.5 not created; Django page/solver snapshot = technical baseline; Petri Net not implemented; simulation prohibited until Sprint 6 approval).,Every later sprint's Definition of Ready cites this table rather than restating version claims.,N/A (documentation task),P0,low,done,none,Muhammad Ikbal,9499285,approved
S1-00,1,Evidence Reconciliation,Reference pointer: full ticket detail lives in PHASE_A0_SPRINT_BOARD.md,Instruction requires referencing the detailed Phase A0 board rather than duplicating all eleven ticket descriptions in this backlog.,This row plus S1-01/S1-02/S1-03 are the only Sprint 1 rows in this backlog; ticket-level detail (A0-1 through A0-11) is authoritative only in PHASE_A0_SPRINT_BOARD.md (commit 40365b3).,S0-03,docs/enclave/implementation/PHASE_A0_SPRINT_BOARD.md (read-only reference from this board),"docs/enclave/salido_hdt_model_v0_3/**; docs/enclave/salido_hdt_model_v0_4/**; docs/enclave/salido_hdt_model_v0_4_1/**; docs/enclave/enklave-salido.docx; frontend/map_app/data/enclave_1682_solver_run/**; data/salido_solver_snapshot/**; salido_hdt.solver.cli source (not in this checkout); docker-compose.yml (except the single future mount explicitly planned in CRITICAL_MODEL_PLAN.md §18, which requires its own separate authorization when attempted)","N/A — pointer row, not an executable task.","Any status change to A0-1..A0-11 must be made in PHASE_A0_SPRINT_BOARD.md directly; this backlog's S1-01/S1-02 status should be kept in sync manually, not treated as the source of truth.",N/A,P0,low — documentation cross-reference only,done,none,,,not_applicable
S1-01,1,Evidence Reconciliation,Workstream 1 — Restraint-device philological attestation (see PHASE_A0_SPRINT_BOARD.md A0-1..A0-6),"Two belenggu (restraint device) entries exist in the researcher DOCX and in 00_source_passages.csv (SP-01267, SP-01344). An earlier investigation wrongly claimed they were also absent from 10_inventory_items.csv; A0-5 (read-only diagnosis) found both already exist as canonical rows (INV-0343, INV-0401) — that claim is withdrawn. The remaining open item is narrower: exact original Dutch spelling, folio number, viewer scan sequence, and IVdNT lemma are not yet recorded in the philological attestation.","Reviewer-confirmed A0_RESTRAINT_PHILOLOGICAL_ATTESTATION.md (object identity/counts already attested; remaining fields optional pending reviewer decision). No canonical-CSV migration, no restraint_device_review.csv seed rows tied to a nonexistent extraction gap.",S0-03,"docs/enclave/implementation/A0_RESTRAINT_PHILOLOGICAL_ATTESTATION.md; docs/enclave/implementation/A0_RESTRAINT_EXTRACTION_FINDING.md (optional, read-only finding record); docs/enclave/salido_hdt_critical_layer_v0_1/restraint_device_review.csv (once Sprint 2 creates the directory)","docs/enclave/salido_hdt_model_v0_3/**; docs/enclave/salido_hdt_model_v0_4/**; docs/enclave/salido_hdt_model_v0_4_1/**; docs/enclave/enklave-salido.docx; frontend/map_app/data/enclave_1682_solver_run/**; data/salido_solver_snapshot/**; salido_hdt.solver.cli source (not in this checkout); docker-compose.yml (except the single future mount explicitly planned in CRITICAL_MODEL_PLAN.md §18, which requires its own separate authorization when attempted)","A0-3 closes in PHASE_A0_SPRINT_BOARD.md, either via the remaining philological fields being recorded or an explicit reviewer decision that object-and-count attestation alone suffices. A0-4/A0-6 are rejected, not evidence-gating.","A0-2 done (researcher_attestation_status=researcher_attested, source_examined_externally=true, committed f98cfb0); A0-5 done (canonical_extraction_status=present, SP-01267->INV-0343, SP-01344->INV-0401, no extraction defect); A0-3 requires original reading/folio/viewer-sequence/IVdNT lemma recorded, or an explicit reviewer waiver, before closing to Done; verified_against_local_image is never set to true; actual_use_status/target_person_status/date_of_use_status remain not_recorded unless new source evidence is found.",test_restraint_device_review_rows_map_to_existing_canonical_inventory_ids; test_restraint_device_actual_use_status_only_accepts_not_recorded (plan §16 — will not exist as runnable code until Sprint 2),P0,"low — A0-2/A0-5 done, no extraction defect found; only A0-3 remains open, pending philological fields or a reviewer waiver; A0-4/A0-6 rejected as moot",in_progress,"none — no external dependency remains; A0-3 is an internal philological-completeness question, not an access or extraction-defect question",,f98cfb0 (A0-2 attestation only — S1-01 as a whole remains open),pending
S1-02,1,Evidence Reconciliation,Workstream 2 — Cross-document temporal-overlap review (see PHASE_A0_SPRINT_BOARD.md A0-7..A0-11),The 308 provisional de-duplicated person estimate only resolves within-document (Madagascar parent/child) duplication; it has not been checked against other documents in the corpus for the same period.,Reviewer-signed findings updating group_hierarchy_review.csv's cross_document_temporal_overlap_checked field; explicit statement of whether 308 still stands or needs revision (never promoted to 'verified' as a byproduct).,S0-03,docs/enclave/implementation/PHASE_A0_SPRINT_BOARD.md (ticket status only); docs/enclave/salido_hdt_critical_layer_v0_1/group_hierarchy_review.csv (once Sprint 2 creates the directory),"docs/enclave/salido_hdt_model_v0_3/**; docs/enclave/salido_hdt_model_v0_4/**; docs/enclave/salido_hdt_model_v0_4_1/**; docs/enclave/enklave-salido.docx; frontend/map_app/data/enclave_1682_solver_run/**; data/salido_solver_snapshot/**; salido_hdt.solver.cli source (not in this checkout); docker-compose.yml (except the single future mount explicitly planned in CRITICAL_MODEL_PLAN.md §18, which requires its own separate authorization when attempted)","A0-11 reviewer sign-off recorded in PHASE_A0_SPRINT_BOARD.md — done, see CROSS_DOCUMENT_OVERLAP_FINDINGS.md.","SUM(record_person_count WHERE counts_toward_unique_person_estimate) across Madagascar rows equals 64, never 128; tier 6 (unique_person_verified_count) remains 'unresolved' unless this review explicitly and separately authorizes a verified figure.",test_group_hierarchy_review_madagascar_parent_and_children_not_both_counted (plan §16 — will not exist as runnable code until Sprint 2),P0,"medium — no external blocker, but requires exhaustive corpus review, not a sampled check",done,none,Muhammad Ikbal,,approved
S1-03,1,Evidence Reconciliation,Phase A0 gate sign-off,Plan §15 states Phase A (schema/derivation layer) may not begin until both A0 workstreams reach reviewer sign-off.,"Gate decision record: either 'Phase A0 complete, Phase A unblocked' or explicit documented risk-acceptance deferral by a reviewer per ticket.","S1-01, S1-02",docs/enclave/implementation/PHASE_A0_SPRINT_BOARD.md; docs/enclave/implementation/ENCLAVE_1682_MASTER_SPRINT_BOARD.md (gate status update),"docs/enclave/salido_hdt_model_v0_3/**; docs/enclave/salido_hdt_model_v0_4/**; docs/enclave/salido_hdt_model_v0_4_1/**; docs/enclave/enklave-salido.docx; frontend/map_app/data/enclave_1682_solver_run/**; data/salido_solver_snapshot/**; salido_hdt.solver.cli source (not in this checkout); docker-compose.yml (except the single future mount explicitly planned in CRITICAL_MODEL_PLAN.md §18, which requires its own separate authorization when attempted)",Named reviewer sign-off on both A0-6 and A0-11.,Sprint 2 tasks (S2-01..S2-09) all remain status=blocked in this backlog until this gate flips.,"N/A (governance gate, not a code task)",P0,high — inherits S1-01's external blocker,blocked,inherits S1-01's archival-scan blocker,,,pending
S2-01,2,Critical Dataset v0.5,Build archival_visibility.csv (schema + populate from canonical CSVs),"Plan §5 requires a documentary-visibility table scoped strictly to per-record properties (never person-count arithmetic, to prevent the double-counting bug recurring).","docs/enclave/salido_hdt_critical_layer_v0_1/archival_visibility.csv, one row per human entity record (individual or group), sourced from 02_persons.csv + 06_human_groups.csv.",S1-03,docs/enclave/salido_hdt_critical_layer_v0_1/*.csv; docs/enclave/salido_hdt_critical_layer_v0_1/MANIFEST.csv; docs/enclave/salido_hdt_critical_layer_v0_1/docs/CRITICAL_ACCOUNTING_MODEL.md; frontend/map_app/enclave_data.py (HUMAN_GROUP_HIERARCHY migration only); frontend/map_app/tests.py (new test classes only),"docs/enclave/salido_hdt_model_v0_3/**; docs/enclave/salido_hdt_model_v0_4/**; docs/enclave/salido_hdt_model_v0_4_1/**; docs/enclave/enklave-salido.docx; frontend/map_app/data/enclave_1682_solver_run/**; data/salido_solver_snapshot/**; salido_hdt.solver.cli source (not in this checkout); docker-compose.yml (except the single future mount explicitly planned in CRITICAL_MODEL_PLAN.md §18, which requires its own separate authorization when attempted)",Derivation-layer test passes.,Row count equals 50 (persons) + 17 (groups) = 67 records; no percentage or aggregate_count field present (explicitly dropped per plan §5).,test_archival_visibility_named_count_equals_50,P1,"low — pure derivation from already-canonical, already-verified columns",blocked,none — blocked only by Sprint 1 gate,,,not_applicable
S2-02,2,Critical Dataset v0.5,Build accounting_treatment.csv,"Plan §5 requires the core Critical-Accounting-Theory instrument: how the source formally treats each entity, including co-location with restraint devices.",docs/enclave/salido_hdt_critical_layer_v0_1/accounting_treatment.csv with appears_in_same_document_section_as_restraint_device field populated once S1-01 completes.,"S1-03, S2-01",docs/enclave/salido_hdt_critical_layer_v0_1/*.csv; docs/enclave/salido_hdt_critical_layer_v0_1/MANIFEST.csv; docs/enclave/salido_hdt_critical_layer_v0_1/docs/CRITICAL_ACCOUNTING_MODEL.md; frontend/map_app/enclave_data.py (HUMAN_GROUP_HIERARCHY migration only); frontend/map_app/tests.py (new test classes only),"docs/enclave/salido_hdt_model_v0_3/**; docs/enclave/salido_hdt_model_v0_4/**; docs/enclave/salido_hdt_model_v0_4_1/**; docs/enclave/enklave-salido.docx; frontend/map_app/data/enclave_1682_solver_run/**; data/salido_solver_snapshot/**; salido_hdt.solver.cli source (not in this checkout); docker-compose.yml (except the single future mount explicitly planned in CRITICAL_MODEL_PLAN.md §18, which requires its own separate authorization when attempted)",critical_note field only populated where independently verifiable against passage adjacency (no general moral gloss) — spot-checked by reviewer.,Every row traces to a source_document_id + source_passage_id.,N/A (no dedicated test named in plan §16; covered by general derivation-layer test pattern),P1,low,blocked,none,,,not_applicable
S2-03,2,Critical Dataset v0.5,Build coercion_evidence.csv with prohibited_inference_flag gate,Plan §5/§14 requires that no coercion-evidence row (including the two restraint-device rows) reach the UI without an explicit reviewer flip of prohibited_inference_flag.,"docs/enclave/salido_hdt_critical_layer_v0_1/coercion_evidence.csv; restraint_device rows reference the existing canonical rows INV-0343/INV-0401 directly (no extraction-audit gate — none is needed; S1-01's remaining item is A0-3's philological completeness, not row presence).","S1-03, S2-04",docs/enclave/salido_hdt_critical_layer_v0_1/*.csv; docs/enclave/salido_hdt_critical_layer_v0_1/MANIFEST.csv; docs/enclave/salido_hdt_critical_layer_v0_1/docs/CRITICAL_ACCOUNTING_MODEL.md; frontend/map_app/enclave_data.py (HUMAN_GROUP_HIERARCHY migration only); frontend/map_app/tests.py (new test classes only),"docs/enclave/salido_hdt_model_v0_3/**; docs/enclave/salido_hdt_model_v0_4/**; docs/enclave/salido_hdt_model_v0_4_1/**; docs/enclave/enklave-salido.docx; frontend/map_app/data/enclave_1682_solver_run/**; data/salido_solver_snapshot/**; salido_hdt.solver.cli source (not in this checkout); docker-compose.yml (except the single future mount explicitly planned in CRITICAL_MODEL_PLAN.md §18, which requires its own separate authorization when attempted)",Gate-enforcement test passes.,A restraint_device-type row carries canonical_extraction_status=present and cites INV-0343/INV-0401; prohibited_inference_flag still gates any use-type claim regardless of extraction status.,test_coercion_evidence_hidden_when_prohibited_flag_true; test_coercion_evidence_restraint_device_row_requires_confirmed_presence,P0,medium — this is the primary technical enforcement mechanism for P6 (no use-claims); must not regress,blocked,none — S1-01 no longer has an extraction-audit dependency; only A0-3 (philological completeness) remains open and does not block this row,,,not_applicable
S2-04,2,Critical Dataset v0.5,Build restraint_device_review.csv seed rows,"Plan §5 defines restraint_device_review.csv as the technical home of the P6 prohibition (no use/target-person claims) for the two attested restraint-device entries — not an extraction-audit workbench, since A0-5 found no extraction defect.","Two rows: SP-01267 (canonical row INV-0343, 5 rings, 1 key, main ammunition store) and SP-01344 (canonical row INV-0401, 3 rings, 1 key, Waker transfer Beneden-Pagger), both canonical_extraction_status=present, actual_use_status/target_person_status/date_of_use_status=not_recorded.",S1-03,docs/enclave/salido_hdt_critical_layer_v0_1/*.csv; docs/enclave/salido_hdt_critical_layer_v0_1/MANIFEST.csv; docs/enclave/salido_hdt_critical_layer_v0_1/docs/CRITICAL_ACCOUNTING_MODEL.md; frontend/map_app/enclave_data.py (HUMAN_GROUP_HIERARCHY migration only); frontend/map_app/tests.py (new test classes only),"docs/enclave/salido_hdt_model_v0_3/**; docs/enclave/salido_hdt_model_v0_4/**; docs/enclave/salido_hdt_model_v0_4_1/**; docs/enclave/enklave-salido.docx; frontend/map_app/data/enclave_1682_solver_run/**; data/salido_solver_snapshot/**; salido_hdt.solver.cli source (not in this checkout); docker-compose.yml (except the single future mount explicitly planned in CRITICAL_MODEL_PLAN.md §18, which requires its own separate authorization when attempted)",Schema-level test passes.,"Both rows carry canonical_extraction_status=present with canonical_inventory_row_id populated (INV-0343, INV-0401) — no extraction-audit field, since none is needed.",test_restraint_device_review_rows_map_to_existing_canonical_inventory_ids; test_restraint_device_actual_use_status_only_accepts_not_recorded,P0,"medium — schema-population step, but the values it seeds are load-bearing for P6 enforcement",blocked,none — row creation only needs S1-03 gate; no extraction-audit dependency remains,,,not_applicable
S2-05,2,Critical Dataset v0.5,Build group_hierarchy_review.csv with Madagascar de-duplication,This is the schema that directly implements the §0 Revision 2 fix — must guarantee the parent/child double-count cannot recur.,"docs/enclave/salido_hdt_critical_layer_v0_1/group_hierarchy_review.csv, 17 rows, counts_toward_unique_person_estimate=true only on G-MADA-64, false on its 5 children (pending S1-02 confirmation).",S1-03 (specifically S1-02's confirmation of the parent/child assignment),docs/enclave/salido_hdt_critical_layer_v0_1/*.csv; docs/enclave/salido_hdt_critical_layer_v0_1/MANIFEST.csv; docs/enclave/salido_hdt_critical_layer_v0_1/docs/CRITICAL_ACCOUNTING_MODEL.md; frontend/map_app/enclave_data.py (HUMAN_GROUP_HIERARCHY migration only); frontend/map_app/tests.py (new test classes only),"docs/enclave/salido_hdt_model_v0_3/**; docs/enclave/salido_hdt_model_v0_4/**; docs/enclave/salido_hdt_model_v0_4_1/**; docs/enclave/enklave-salido.docx; frontend/map_app/data/enclave_1682_solver_run/**; data/salido_solver_snapshot/**; salido_hdt.solver.cli source (not in this checkout); docker-compose.yml (except the single future mount explicitly planned in CRITICAL_MODEL_PLAN.md §18, which requires its own separate authorization when attempted)","Regression test passes and is treated as a release-blocking test, not a soft check.",SUM(record_person_count WHERE counts_toward_unique_person_estimate) across the whole table never exceeds 308 (244 + 64) unless S1-02 explicitly revises the figure with documented justification.,test_group_hierarchy_review_madagascar_parent_and_children_not_both_counted,P0,high — this is the single highest-risk task in Sprint 2; a bug here directly reproduces the withdrawn 372 error,blocked,none,,,not_applicable
S2-06,2,Critical Dataset v0.5,Build provenance_critical_layer.csv and uncertainty_critical.csv,"Every derived claim in the critical layer needs a reproducible-query provenance record and a claim_tier/count_tier classification, per plan §5 supplementary schemas and §14 item 4.",Two CSVs; every row in archival_visibility/accounting_treatment/coercion_evidence/restraint_device_review/group_hierarchy_review has a corresponding provenance + uncertainty row.,"S2-01, S2-02, S2-03, S2-04, S2-05",docs/enclave/salido_hdt_critical_layer_v0_1/*.csv; docs/enclave/salido_hdt_critical_layer_v0_1/MANIFEST.csv; docs/enclave/salido_hdt_critical_layer_v0_1/docs/CRITICAL_ACCOUNTING_MODEL.md; frontend/map_app/enclave_data.py (HUMAN_GROUP_HIERARCHY migration only); frontend/map_app/tests.py (new test classes only),"docs/enclave/salido_hdt_model_v0_3/**; docs/enclave/salido_hdt_model_v0_4/**; docs/enclave/salido_hdt_model_v0_4_1/**; docs/enclave/enklave-salido.docx; frontend/map_app/data/enclave_1682_solver_run/**; data/salido_solver_snapshot/**; salido_hdt.solver.cli source (not in this checkout); docker-compose.yml (except the single future mount explicitly planned in CRITICAL_MODEL_PLAN.md §18, which requires its own separate authorization when attempted)",Spot-check: every published count in a future UI can be traced to a reproducible_query here.,"count_tier field is populated for every row that makes a person-count-adjacent claim, using one of the six §8 tiers (never left blank for such rows).",N/A (no dedicated test named in plan §16; covered by provenance completeness check),P2,low,blocked,none,,,not_applicable
S2-07,2,Critical Dataset v0.5,Migrate HUMAN_GROUP_HIERARCHY out of enclave_data.py into group_hierarchy_review.csv,"The hardcoded Python dict diverges from the solver snapshot's own entity_coverage grouping (found in this session's earlier diagnostic) — a hardcoded, unreviewable config is the wrong home for a fact that now has a proper reviewed CSV.",enclave_data.py reads group_hierarchy_review.csv instead of the embedded HUMAN_GROUP_HIERARCHY dict; dict itself removed once migration is verified equivalent.,S2-05,frontend/map_app/enclave_data.py (this migration only — no other change to this file); frontend/map_app/tests.py (new test class only),"docs/enclave/salido_hdt_model_v0_3/**; docs/enclave/salido_hdt_model_v0_4/**; docs/enclave/salido_hdt_model_v0_4_1/**; docs/enclave/enklave-salido.docx; frontend/map_app/data/enclave_1682_solver_run/**; data/salido_solver_snapshot/**; salido_hdt.solver.cli source (not in this checkout); docker-compose.yml (except the single future mount explicitly planned in CRITICAL_MODEL_PLAN.md §18, which requires its own separate authorization when attempted)","Existing EnclaveDataAdapterTest suite (8 tests, currently passing) continues to pass after migration; no regression in named_person_records=50/aggregate_group_records=17/total_human_related_records=67 etc.",All existing adapter tests green; new test confirms adapter's independent-group count now matches group_hierarchy_review.csv exactly (resolving the divergence from the solver snapshot noted in the prior diagnostic).,"existing: test_adapter_counts_named_persons, test_adapter_summary_object; new: test_group_hierarchy_migration_matches_csv",P1,"medium — touches live application code for the first time in this programme; must not regress the currently-shipped, tested adapter",blocked,none,,,not_applicable
S2-08,2,Critical Dataset v0.5,Derivation-layer test suite and MANIFEST/hash verification for the critical layer,"Plan §16 requires every derived number to be tested against a hand-computed value, and §17 requires the critical layer to have its own manifest/hash file mirroring the canonical dataset's verify_hashes() pattern.",Full test class covering S2-01..S2-06; docs/enclave/salido_hdt_critical_layer_v0_1/MANIFEST.csv with SHA256 hashes for all 7 critical-layer CSVs.,"S2-01, S2-02, S2-03, S2-04, S2-05, S2-06",docs/enclave/salido_hdt_critical_layer_v0_1/*.csv; docs/enclave/salido_hdt_critical_layer_v0_1/MANIFEST.csv; docs/enclave/salido_hdt_critical_layer_v0_1/docs/CRITICAL_ACCOUNTING_MODEL.md; frontend/map_app/enclave_data.py (HUMAN_GROUP_HIERARCHY migration only); frontend/map_app/tests.py (new test classes only),"docs/enclave/salido_hdt_model_v0_3/**; docs/enclave/salido_hdt_model_v0_4/**; docs/enclave/salido_hdt_model_v0_4_1/**; docs/enclave/enklave-salido.docx; frontend/map_app/data/enclave_1682_solver_run/**; data/salido_solver_snapshot/**; salido_hdt.solver.cli source (not in this checkout); docker-compose.yml (except the single future mount explicitly planned in CRITICAL_MODEL_PLAN.md §18, which requires its own separate authorization when attempted)",All listed tests pass; MANIFEST.csv hashes verified to match actual file contents.,"Test suite includes, at minimum, every test named in plan §16's 'Derivation-layer tests' and 'Restraint-device tests' subsections.",test_archival_visibility_named_count_equals_50; test_group_hierarchy_review_madagascar_parent_and_children_not_both_counted; test_cumulative_recorded_count_equals_372_and_is_labelled_unsafe; test_unique_person_verified_count_is_absent_or_explicitly_unresolved; test_restraint_device_review_seed_rows_require_extraction_audit; test_restraint_device_actual_use_status_only_accepts_not_recorded; test_coercion_evidence_restraint_device_row_requires_completed_audit,P0,medium,blocked,none,,,not_applicable
S2-09,2,Critical Dataset v0.5,Tag critical dataset candidate v0.5 and reviewer sign-off,Plan §17 treats the critical layer as an independently versioned artifact separate from the canonical v0.4.1 dataset; a candidate needs an explicit sign-off gate before Sprint 3 (graph layer) builds on it.,Reviewer-approved 'critical dataset candidate v0.5' status recorded in this board's release mapping; NOT a canonical dataset version bump (v0.4.1 remains untouched and remains the canonical release).,S2-01..S2-08,docs/enclave/implementation/ENCLAVE_1682_MASTER_SPRINT_BOARD.md (release mapping update only),"docs/enclave/salido_hdt_model_v0_3/**; docs/enclave/salido_hdt_model_v0_4/**; docs/enclave/salido_hdt_model_v0_4_1/**; docs/enclave/enklave-salido.docx; frontend/map_app/data/enclave_1682_solver_run/**; data/salido_solver_snapshot/**; salido_hdt.solver.cli source (not in this checkout); docker-compose.yml (except the single future mount explicitly planned in CRITICAL_MODEL_PLAN.md §18, which requires its own separate authorization when attempted)",Named reviewer sign-off recorded.,Sprint 3 tasks remain blocked until this sign-off is recorded.,N/A (governance gate),P0,medium,blocked,none,,,pending
S3-01,3,Knowledge Graph,Implement View A — Colonial Accounting Ontology read model,"Plan §6 requires the accounting-logic graph (Document->AccountingEntry->{NamedPersonEntry|AggregateGroupEntry}) to be queryable, mirroring the archive's own logic without sanitizing it.","EnclaveDataAdapter.get_colonial_accounting_view() — read-only, builds View A nodes/edges from existing canonical CSVs plus accounting_treatment.csv.",S2-09,frontend/map_app/enclave_data.py (new read-only adapter methods only); docs/enclave/salido_hdt_critical_layer_v0_1/docs/CRITICAL_ACCOUNTING_MODEL.md; frontend/map_app/tests.py (new test classes only),"docs/enclave/salido_hdt_model_v0_3/**; docs/enclave/salido_hdt_model_v0_4/**; docs/enclave/salido_hdt_model_v0_4_1/**; docs/enclave/enklave-salido.docx; frontend/map_app/data/enclave_1682_solver_run/**; data/salido_solver_snapshot/**; salido_hdt.solver.cli source (not in this checkout); docker-compose.yml (except the single future mount explicitly planned in CRITICAL_MODEL_PLAN.md §18, which requires its own separate authorization when attempted)","Adapter method never opens any file in write mode (matches existing adapter convention, verified by test_adapter_never_opens_write_mode-style check).",Graph includes RestraintDeviceEntry nodes co-located per accounting_treatment.csv's appears_in_same_document_section_as_restraint_device field.,new: test_colonial_accounting_view_read_only; test_view_a_includes_restraint_device_entries,P1,low — read-only derivation over already-tested Sprint 2 data,blocked,none,,,not_applicable
S3-02,3,Knowledge Graph,Implement View B — Human-Centred Critical Ontology read model,Plan §6 requires a structurally separate human-centred graph where aggregate groups never get a synthetic per-person node.,"EnclaveDataAdapter.get_human_centred_view() — Person superclass, AggregateGroupMembership at group granularity only.","S2-09, S2-07",frontend/map_app/enclave_data.py (new read-only adapter methods only); docs/enclave/salido_hdt_critical_layer_v0_1/docs/CRITICAL_ACCOUNTING_MODEL.md; frontend/map_app/tests.py (new test classes only),"docs/enclave/salido_hdt_model_v0_3/**; docs/enclave/salido_hdt_model_v0_4/**; docs/enclave/salido_hdt_model_v0_4_1/**; docs/enclave/enklave-salido.docx; frontend/map_app/data/enclave_1682_solver_run/**; data/salido_solver_snapshot/**; salido_hdt.solver.cli source (not in this checkout); docker-compose.yml (except the single future mount explicitly planned in CRITICAL_MODEL_PLAN.md §18, which requires its own separate authorization when attempted)",No code path in this method can create a per-person node for an aggregate-group count under any input.,"A test asserting graph node count for aggregate entities equals 17 (group records), never 308 or 372 (person-count figures) regardless of which count tier is queried.",new: test_human_centred_view_never_creates_synthetic_person_nodes,P0,high — this is the primary technical implementation of the 'no invented identities' rule (docs/HUMAN_CLASSIFICATION.md),blocked,none,,,not_applicable
S3-03,3,Knowledge Graph,Implement same_document_event cross-reference edges (View A <-> View B),"Plan §6 requires an explicit, non-merging cross-reference edge type so a reader can move between views without the two ever collapsing into one table.","same_document_event edges keyed on (source_document_id, source_passage_id) pairs shared between View A and View B nodes.","S3-01, S3-02",frontend/map_app/enclave_data.py (new read-only adapter methods only); docs/enclave/salido_hdt_critical_layer_v0_1/docs/CRITICAL_ACCOUNTING_MODEL.md; frontend/map_app/tests.py (new test classes only),"docs/enclave/salido_hdt_model_v0_3/**; docs/enclave/salido_hdt_model_v0_4/**; docs/enclave/salido_hdt_model_v0_4_1/**; docs/enclave/enklave-salido.docx; frontend/map_app/data/enclave_1682_solver_run/**; data/salido_solver_snapshot/**; salido_hdt.solver.cli source (not in this checkout); docker-compose.yml (except the single future mount explicitly planned in CRITICAL_MODEL_PLAN.md §18, which requires its own separate authorization when attempted)",Dual-ontology separation test passes.,No shared mutable object exists between a View A node and a View B node — only an edge reference.,test_colonial_view_and_human_view_never_share_a_mutable_object,P0,medium — the single most likely failure mode named in plan §14 item 3 (quiet merge of the two views),blocked,none,,,not_applicable
S3-04,3,Knowledge Graph,Temporal indexing across 07_human_role_location_time.csv and the critical layer,"Task name 'critical temporal knowledge graph' requires an explicit time dimension, not just a static ontology — Movement_Constrained (Petri Net Subnet 3, Sprint 5) also depends on this being queryable.",Time-indexed query surface joining valid_from/valid_to windows from 07_human_role_location_time.csv against View A/View B nodes.,"S3-01, S3-02",frontend/map_app/enclave_data.py (new read-only adapter methods only); docs/enclave/salido_hdt_critical_layer_v0_1/docs/CRITICAL_ACCOUNTING_MODEL.md; frontend/map_app/tests.py (new test classes only),"docs/enclave/salido_hdt_model_v0_3/**; docs/enclave/salido_hdt_model_v0_4/**; docs/enclave/salido_hdt_model_v0_4_1/**; docs/enclave/enklave-salido.docx; frontend/map_app/data/enclave_1682_solver_run/**; data/salido_solver_snapshot/**; salido_hdt.solver.cli source (not in this checkout); docker-compose.yml (except the single future mount explicitly planned in CRITICAL_MODEL_PLAN.md §18, which requires its own separate authorization when attempted)","Query returns correct entities for a given time window, spot-checked against at least 3 known date ranges from 07_human_role_location_time.csv.","Time-window queries never silently assume a window for a record lacking explicit valid_from/valid_to (returns 'unknown', not an inferred date).",new: test_temporal_index_does_not_infer_missing_date_ranges,P1,medium,blocked,none,,,not_applicable
S3-05,3,Knowledge Graph,Node/edge type completeness check against plan §6,"Plan §6 specifies an exact node/edge type list (Document, Passage, NamedPerson, AggregateGroup, Role, Location, InventoryItem, RestraintDeviceRecord, AccountingEntryType, CoercionEvidenceItem, Claim / records, classifies_as, performs_role, located_at, co_located_with, part_of_hierarchy, has_visibility_record, has_coercion_evidence, interprets).",Automated schema-completeness test enumerating implemented node/edge types against the plan's list.,"S3-01, S3-02, S3-03",frontend/map_app/enclave_data.py (new read-only adapter methods only); docs/enclave/salido_hdt_critical_layer_v0_1/docs/CRITICAL_ACCOUNTING_MODEL.md; frontend/map_app/tests.py (new test classes only),"docs/enclave/salido_hdt_model_v0_3/**; docs/enclave/salido_hdt_model_v0_4/**; docs/enclave/salido_hdt_model_v0_4_1/**; docs/enclave/enklave-salido.docx; frontend/map_app/data/enclave_1682_solver_run/**; data/salido_solver_snapshot/**; salido_hdt.solver.cli source (not in this checkout); docker-compose.yml (except the single future mount explicitly planned in CRITICAL_MODEL_PLAN.md §18, which requires its own separate authorization when attempted)",Test fails loudly if an implemented type is missing or an extra undocumented type was added without a plan amendment.,CoercionEvidenceItem nodes only instantiate for reviewer-approved coercion_evidence.csv rows (prohibited_inference_flag=false).,new: test_graph_node_edge_types_match_plan_section_6,P2,low,blocked,none,,,not_applicable
S3-06,3,Knowledge Graph,Sprint 3 sign-off gate,Graph layer must be reviewed before Sprint 4 (interface) builds a UI on top of it — a UI bug is much more visible and costly to unwind than a graph-layer bug.,Reviewer-approved 'critical temporal knowledge graph' status recorded in release mapping.,S3-01..S3-05,docs/enclave/implementation/ENCLAVE_1682_MASTER_SPRINT_BOARD.md (release mapping update only),"docs/enclave/salido_hdt_model_v0_3/**; docs/enclave/salido_hdt_model_v0_4/**; docs/enclave/salido_hdt_model_v0_4_1/**; docs/enclave/enklave-salido.docx; frontend/map_app/data/enclave_1682_solver_run/**; data/salido_solver_snapshot/**; salido_hdt.solver.cli source (not in this checkout); docker-compose.yml (except the single future mount explicitly planned in CRITICAL_MODEL_PLAN.md §18, which requires its own separate authorization when attempted)",Named reviewer sign-off recorded.,Sprint 4 tasks remain blocked until this sign-off is recorded.,N/A (governance gate),P0,medium,blocked,none,,,pending
S4-01,4,Interface Redesign,Archival Visibility Summary section (§8 tiered table),"Current page shows a flat KPI-tile grid; plan §11 item 2 requires the six-tier count table to replace it, with no single headline percentage.","New page section rendering tiers 1-6 from archival_visibility.csv/group_hierarchy_review.csv, each figure individually sourced and linkable to its CSV row(s).",S3-06,"frontend/map_app/templates/map_app/riset_enclave_1682.html; frontend/map_app/views.py (context wiring only, if demonstrably required); frontend/map_app/tests.py (new test classes only)","docs/enclave/salido_hdt_model_v0_3/**; docs/enclave/salido_hdt_model_v0_4/**; docs/enclave/salido_hdt_model_v0_4_1/**; docs/enclave/enklave-salido.docx; frontend/map_app/data/enclave_1682_solver_run/**; data/salido_solver_snapshot/**; salido_hdt.solver.cli source (not in this checkout); docker-compose.yml (except the single future mount explicitly planned in CRITICAL_MODEL_PLAN.md §18, which requires its own separate authorization when attempted)",Page test confirms no bare '372' or '308' renders without its tier label adjacent in the DOM.,Tier 6 renders as 'unresolved' unless Sprint 1's S1-02 has explicitly changed that state.,new: test_page_never_renders_bare_count_without_tier_label,P0,medium — the section most directly downstream of the two corrections in this programme; highest scrutiny warranted,blocked,none,,,not_applicable
S4-02,4,Interface Redesign,Dual Ontology Toggle (Colonial Accounting View / Human-Centred Critical View),"Plan §11 item 3 and §6 require the two ontology views to be presented as explicitly separate, toggleable, non-merged lenses.","Toggle UI switching between the two views, each with its own color palette per §12, neither ever rendering a synthetic per-person node for an aggregate group.",S3-06,"frontend/map_app/templates/map_app/riset_enclave_1682.html; frontend/map_app/views.py (context wiring only, if demonstrably required); frontend/map_app/tests.py (new test classes only)","docs/enclave/salido_hdt_model_v0_3/**; docs/enclave/salido_hdt_model_v0_4/**; docs/enclave/salido_hdt_model_v0_4_1/**; docs/enclave/enklave-salido.docx; frontend/map_app/data/enclave_1682_solver_run/**; data/salido_solver_snapshot/**; salido_hdt.solver.cli source (not in this checkout); docker-compose.yml (except the single future mount explicitly planned in CRITICAL_MODEL_PLAN.md §18, which requires its own separate authorization when attempted)","Accessibility check: toggle is keyboard-operable and the active view is announced to assistive tech, not conveyed by color alone.","Group-cards in the Human-Centred view show record_person_count and hierarchy position, never an invented name or avatar.",N/A (covered by S4-08's page test suite + S4-07's accessibility pass),P1,medium,blocked,none,,,not_applicable
S4-03,4,Interface Redesign,Naming Asymmetry section (§9's four findings),"Plan §9 defines four structural findings (role breadth, schema asymmetry, evidence-status asymmetry, extraction-layer asymmetry) that must render without a headline ratio.","New page section listing all four findings with their schema-level evidence, no percentage anywhere in this section.",S3-06,"frontend/map_app/templates/map_app/riset_enclave_1682.html; frontend/map_app/views.py (context wiring only, if demonstrably required); frontend/map_app/tests.py (new test classes only)","docs/enclave/salido_hdt_model_v0_3/**; docs/enclave/salido_hdt_model_v0_4/**; docs/enclave/salido_hdt_model_v0_4_1/**; docs/enclave/enklave-salido.docx; frontend/map_app/data/enclave_1682_solver_run/**; data/salido_solver_snapshot/**; salido_hdt.solver.cli source (not in this checkout); docker-compose.yml (except the single future mount explicitly planned in CRITICAL_MODEL_PLAN.md §18, which requires its own separate authorization when attempted)",Section contains zero percent signs or ratio expressions tied to person counts.,"The fourth finding (extraction-layer asymmetry, i.e. the belenggu/musket capture-rate difference) is present and cites S1-01's audit status.",N/A (covered by S4-08),P2,low,blocked,none,,,not_applicable
S4-04,4,Interface Redesign,Administrative Aggregation & Group Hierarchy tree UI,"Plan §11 item 5 requires the parent/child hierarchy (especially the Madagascar cohort) to be visually explicit, replacing the retired hardcoded HUMAN_GROUP_HIERARCHY rendering.","Tree UI over group_hierarchy_review.csv, visually marking which node 'counts toward' the unique-person estimate so a reader sees the de-duplication, not just the tree shape.","S3-06, S2-07","frontend/map_app/templates/map_app/riset_enclave_1682.html; frontend/map_app/views.py (context wiring only, if demonstrably required); frontend/map_app/tests.py (new test classes only)","docs/enclave/salido_hdt_model_v0_3/**; docs/enclave/salido_hdt_model_v0_4/**; docs/enclave/salido_hdt_model_v0_4_1/**; docs/enclave/enklave-salido.docx; frontend/map_app/data/enclave_1682_solver_run/**; data/salido_solver_snapshot/**; salido_hdt.solver.cli source (not in this checkout); docker-compose.yml (except the single future mount explicitly planned in CRITICAL_MODEL_PLAN.md §18, which requires its own separate authorization when attempted)","A reviewer looking at the Madagascar branch alone can tell, without reading a tooltip, that the parent and its 5 children are not both counted.","Tree matches group_hierarchy_review.csv exactly (17 nodes, correct parent/child edges).",N/A (covered by S4-08),P1,low,blocked,none,,,not_applicable
S4-05,4,Interface Redesign,Coercion Context section incl. restraint-device breakdown,"Plan §11 item 6 requires the full explicit-presence / affordance-vs-use / not-recorded breakdown, plus a visible audit-pending status badge, for both restraint-device entries.","New page section: supervisory hierarchy, legal-coercive category, spatial co-location (interpretation-flagged), and the two restraint-device rows each with their audit-pending badge.","S3-06, S2-03, S2-04","frontend/map_app/templates/map_app/riset_enclave_1682.html; frontend/map_app/views.py (context wiring only, if demonstrably required); frontend/map_app/tests.py (new test classes only)","docs/enclave/salido_hdt_model_v0_3/**; docs/enclave/salido_hdt_model_v0_4/**; docs/enclave/salido_hdt_model_v0_4_1/**; docs/enclave/enklave-salido.docx; frontend/map_app/data/enclave_1682_solver_run/**; data/salido_solver_snapshot/**; salido_hdt.solver.cli source (not in this checkout); docker-compose.yml (except the single future mount explicitly planned in CRITICAL_MODEL_PLAN.md §18, which requires its own separate authorization when attempted)",Page test confirms zero iconography of bondage/restraint/violence anywhere on the page (plan §12).,Restraint-device rows render only as plain labelled text/table rows; badge reads 'canonical-extraction audit pending' until S1-01/A0-6 sign-off flips it.,new: test_no_restraint_iconography_present; test_restraint_device_rows_show_audit_pending_badge_until_signoff,P0,high — the section with the highest risk of accidentally implying a use-claim the evidence does not support (P6),blocked,inherits S1-01's attestation-review dependency (no longer external) for the badge's eventual non-pending state (the section itself can still ship in pending state without the blocker resolving),,,not_applicable
S4-06,4,Interface Redesign,Relocate Solver Snapshot section below archival/critical content,Task instruction (this turn and the original critical-redesign request) requires the solver to move below the archival and critical interpretation sections — explicitly not a KPI-equal section anymore.,"Existing Solver Snapshot section moved to position 8 in page order (plan §11), with the subordination framing sentence added.",S4-01..S4-05,"frontend/map_app/templates/map_app/riset_enclave_1682.html; frontend/map_app/views.py (context wiring only, if demonstrably required); frontend/map_app/tests.py (new test classes only)","docs/enclave/salido_hdt_model_v0_3/**; docs/enclave/salido_hdt_model_v0_4/**; docs/enclave/salido_hdt_model_v0_4_1/**; docs/enclave/enklave-salido.docx; frontend/map_app/data/enclave_1682_solver_run/**; data/salido_solver_snapshot/**; salido_hdt.solver.cli source (not in this checkout); docker-compose.yml (except the single future mount explicitly planned in CRITICAL_MODEL_PLAN.md §18, which requires its own separate authorization when attempted)",DOM-order test passes.,"Framing sentence present verbatim: solver figures are downstream of and subordinate to the archival/critical sections, describing feasibility only, not coercion.",new: test_solver_section_dom_position_after_archival_critical_sections,P1,"low — reordering + one sentence, low technical risk",blocked,none,,,not_applicable
S4-07,4,Interface Redesign,Accessibility and language-policy audit pass,"Plan §13 requires semantic headings, no color-only encoding, and bilingual sourcing (original-language terms incl. belenggu always co-occurring with their mapped category).",Accessibility report (via design:accessibility-review skill) + language-policy compliance check across all new sections.,S4-01..S4-06,"frontend/map_app/templates/map_app/riset_enclave_1682.html; frontend/map_app/views.py (context wiring only, if demonstrably required); frontend/map_app/tests.py (new test classes only)","docs/enclave/salido_hdt_model_v0_3/**; docs/enclave/salido_hdt_model_v0_4/**; docs/enclave/salido_hdt_model_v0_4_1/**; docs/enclave/enklave-salido.docx; frontend/map_app/data/enclave_1682_solver_run/**; data/salido_solver_snapshot/**; salido_hdt.solver.cli source (not in this checkout); docker-compose.yml (except the single future mount explicitly planned in CRITICAL_MODEL_PLAN.md §18, which requires its own separate authorization when attempted)",design:accessibility-review skill run against the redesigned page; zero critical/serious findings outstanding.,"Every occurrence of an original-language term (slaven, slavinnen, mandoors, gecondemneerden, kostgelt, belenggu) has its mapped category adjacent in the same UI element.",new: test_original_language_terms_cooccur_with_mapped_category,P1,low,blocked,none,,,not_applicable
S4-08,4,Interface Redesign,Full Sprint 4 page test suite,"Plan §16 'Page tests' subsection lists the specific tests required for this phase; existing Enclave1682ViewTest conventions must be extended, not replaced.","Extended test class covering S4-01..S4-07, matching existing SimpleTestCase conventions in frontend/map_app/tests.py.",S4-01..S4-07,"frontend/map_app/templates/map_app/riset_enclave_1682.html; frontend/map_app/views.py (context wiring only, if demonstrably required); frontend/map_app/tests.py (new test classes only)","docs/enclave/salido_hdt_model_v0_3/**; docs/enclave/salido_hdt_model_v0_4/**; docs/enclave/salido_hdt_model_v0_4_1/**; docs/enclave/enklave-salido.docx; frontend/map_app/data/enclave_1682_solver_run/**; data/salido_solver_snapshot/**; salido_hdt.solver.cli source (not in this checkout); docker-compose.yml (except the single future mount explicitly planned in CRITICAL_MODEL_PLAN.md §18, which requires its own separate authorization when attempted)",All listed tests pass; existing 198-test map_app suite (as of commit ce74aca) continues to pass with zero regressions.,"New tests are additive to, not replacements for, the existing Enclave1682ViewTest class.",test_page_never_renders_bare_count_without_tier_label; test_solver_section_dom_position_after_archival_critical_sections; test_original_language_terms_cooccur_with_mapped_category; plus full existing map_app suite,P0,medium,blocked,none,,,not_applicable
S4-09,4,Interface Redesign,Sprint 4 sign-off gate and feature-flag decision,Plan §15 Phase E states this phase's output either ships to the live route or stays behind a feature flag pending ethical sign-off.,"Reviewer decision recorded: ship to /riset/enclave-1682/ live, or hold behind a flag.",S4-08,docs/enclave/implementation/ENCLAVE_1682_MASTER_SPRINT_BOARD.md (release mapping + decision record),"docs/enclave/salido_hdt_model_v0_3/**; docs/enclave/salido_hdt_model_v0_4/**; docs/enclave/salido_hdt_model_v0_4_1/**; docs/enclave/enklave-salido.docx; frontend/map_app/data/enclave_1682_solver_run/**; data/salido_solver_snapshot/**; salido_hdt.solver.cli source (not in this checkout); docker-compose.yml (except the single future mount explicitly planned in CRITICAL_MODEL_PLAN.md §18, which requires its own separate authorization when attempted)","Named reviewer sign-off recorded, referencing plan §14 item 7's open-questions log.","Decision explicitly addresses whether S1-01's still-possibly-unresolved archival-scan blocker is acceptable for a live ship (i.e., can the page go live with the restraint-device badge still in 'pending' state, or must S1-01 close first).",N/A (governance gate),P0,high — first live-route decision in this programme,blocked,none,,,pending
S5-01,5,Petri Net Specification,Author Subnet 2 (Reproduction and maintenance) specification,"Plan §7 requires a documented subnet for the conditions of continued presence (housing, kostgelt, medical care, arrival-cohort processing) that production-only models omit.","CRITICAL_PETRI_NET_MODEL.md section covering Subnet 2 places/transitions, explicitly reading group_hierarchy_review.csv at whichever hierarchy level counts_toward_unique_person_estimate designates.",S2-09,docs/enclave/implementation/CRITICAL_PETRI_NET_MODEL.md,"docs/enclave/salido_hdt_model_v0_3/**; docs/enclave/salido_hdt_model_v0_4/**; docs/enclave/salido_hdt_model_v0_4_1/**; docs/enclave/enklave-salido.docx; frontend/map_app/data/enclave_1682_solver_run/**; data/salido_solver_snapshot/**; salido_hdt.solver.cli source (not in this checkout); docker-compose.yml (except the single future mount explicitly planned in CRITICAL_MODEL_PLAN.md §18, which requires its own separate authorization when attempted)",Specification reviewed against plan §7's exact place/transition list.,"Arrival_Cohort_Processed transition is specified to process the Madagascar cohort exactly once, never once per parent-and-children.","N/A (specification document, no executable code — plan explicitly scopes this phase to documentation only)",P1,"low — documentation only, no simulation engine",blocked,none,,,not_applicable
S5-02,5,Petri Net Specification,"Author Subnet 3 (Coercion and control) specification, incl. Restraint_Device_Context guard","Plan §7 requires Subnet 3's guard to be structurally incapable of connecting to a specific HumanToken under current evidence — this is a hard boundary, not implementation discipline.","CRITICAL_PETRI_NET_MODEL.md section covering Subnet 3, with the Restraint_Device_Context guard behaviour documented exactly as plan §7 specifies (presence tokens only, use-arc structurally blocked).","S2-09, S1-01 (informs whether the guard's blocked state can change)",docs/enclave/implementation/CRITICAL_PETRI_NET_MODEL.md,"docs/enclave/salido_hdt_model_v0_3/**; docs/enclave/salido_hdt_model_v0_4/**; docs/enclave/salido_hdt_model_v0_4_1/**; docs/enclave/enklave-salido.docx; frontend/map_app/data/enclave_1682_solver_run/**; data/salido_solver_snapshot/**; salido_hdt.solver.cli source (not in this checkout); docker-compose.yml (except the single future mount explicitly planned in CRITICAL_MODEL_PLAN.md §18, which requires its own separate authorization when attempted)","Static review confirms zero transitions in this subnet carry an objective_value, cost function, or optimization target (plan §14 item 2).",Record_Restraint_Device_Presence transition specified with deliberately no counterpart transition asserting use.,N/A (specification document),P0,high — this is where P3 and P6 get their permanent technical enforcement point,blocked,none — can be authored in 'not_recorded' state regardless of S1-01's resolution; only the guard's future-unlock condition depends on S1-01,,,not_applicable
S5-03,5,Petri Net Specification,Specify CoercionContextToken and cross-subnet arcs,"Plan §7 requires the new token type and the Subnet 1<->Subnet 3 arcs that make the differential administrative structure a structural property of the net, not a narrative claim layered on top.",CRITICAL_PETRI_NET_MODEL.md section defining CoercionContextToken fields and the Workers_Assigned <-> Supervisory_Assignment_Active arc logic.,"S5-01, S5-02",docs/enclave/implementation/CRITICAL_PETRI_NET_MODEL.md,"docs/enclave/salido_hdt_model_v0_3/**; docs/enclave/salido_hdt_model_v0_4/**; docs/enclave/salido_hdt_model_v0_4_1/**; docs/enclave/enklave-salido.docx; frontend/map_app/data/enclave_1682_solver_run/**; data/salido_solver_snapshot/**; salido_hdt.solver.cli source (not in this checkout); docker-compose.yml (except the single future mount explicitly planned in CRITICAL_MODEL_PLAN.md §18, which requires its own separate authorization when attempted)",Specification confirms no numeric coercion-intensity scalar exists anywhere in the token or arc definitions.,"restraint_device_present_in_section is specified as boolean presence-only, never a use/intensity value.",N/A (specification document),P1,medium,blocked,none,,,not_applicable
S5-04,5,Petri Net Specification,Static guard tests for P3/P6 enforcement,"Plan §16 requires standing negative tests confirming no optimization objective attaches to the coercion subnet and the restraint-device guard cannot target a specific HumanToken — these are static document/spec checks, since no simulation engine exists.",Test suite that parses CRITICAL_PETRI_NET_MODEL.md's machine-readable sections (once it exists) and asserts the P3/P6 invariants.,"S5-01, S5-02, S5-03","frontend/map_app/tests.py (new test class only) OR a standalone spec-validation script under docs/enclave/implementation/ (exact location to be decided at Sprint 5 kickoff, not this turn)","docs/enclave/salido_hdt_model_v0_3/**; docs/enclave/salido_hdt_model_v0_4/**; docs/enclave/salido_hdt_model_v0_4_1/**; docs/enclave/enklave-salido.docx; frontend/map_app/data/enclave_1682_solver_run/**; data/salido_solver_snapshot/**; salido_hdt.solver.cli source (not in this checkout); docker-compose.yml (except the single future mount explicitly planned in CRITICAL_MODEL_PLAN.md §18, which requires its own separate authorization when attempted)",Tests pass against the authored specification document.,test_coercion_subnet_has_zero_transitions_with_objective_value and test_restraint_device_context_guard_cannot_target_specific_human_token both exist and pass.,test_coercion_subnet_has_zero_transitions_with_objective_value; test_restraint_device_context_guard_cannot_target_specific_human_token,P0,medium,blocked,none,,,not_applicable
S5-05,5,Petri Net Specification,Sprint 5 sign-off gate — specification-only confirmation,Plan §7 states simulation status remains 'specification only' throughout this phase; this gate exists specifically to confirm that boundary was not crossed before Sprint 6 even opens the simulation-readiness question.,"Reviewer-signed confirmation that CRITICAL_PETRI_NET_MODEL.md contains zero simulation-engine code, zero runnable transition-firing logic, specification prose and static structure only.",S5-01..S5-04,docs/enclave/implementation/ENCLAVE_1682_MASTER_SPRINT_BOARD.md (release mapping + decision record),"docs/enclave/salido_hdt_model_v0_3/**; docs/enclave/salido_hdt_model_v0_4/**; docs/enclave/salido_hdt_model_v0_4_1/**; docs/enclave/enklave-salido.docx; frontend/map_app/data/enclave_1682_solver_run/**; data/salido_solver_snapshot/**; salido_hdt.solver.cli source (not in this checkout); docker-compose.yml (except the single future mount explicitly planned in CRITICAL_MODEL_PLAN.md §18, which requires its own separate authorization when attempted)",Named reviewer sign-off recorded.,"Sign-off explicitly states 'specification only, not simulation' — this phrase must appear verbatim in the decision record.",N/A (governance gate),P0,medium,blocked,none,,,pending
S6-01,6,Simulation-Readiness Gate,Ethical re-review of simulation prerequisites,"Plan §14 item 2 and §7's 'Explicit guard against P3' establish that no optimization objective may ever attach to the coercion subnet; before any simulation work is even contemplated, this boundary must be explicitly re-affirmed as applying to simulation too, not only to the CP-SAT solver.","Written ethical-review memo confirming the P3/P6 boundaries extend unchanged to any future simulation engine, referencing docs/ETHICAL_MODELING.md's Counterfactual limits section.",S5-05,docs/enclave/implementation/ENCLAVE_1682_MASTER_SPRINT_BOARD.md (gate decision record only); a future SIMULATION_READINESS_REVIEW.md if the gate is opened,"docs/enclave/salido_hdt_model_v0_3/**; docs/enclave/salido_hdt_model_v0_4/**; docs/enclave/salido_hdt_model_v0_4_1/**; docs/enclave/enklave-salido.docx; frontend/map_app/data/enclave_1682_solver_run/**; data/salido_solver_snapshot/**; salido_hdt.solver.cli source (not in this checkout); docker-compose.yml (except the single future mount explicitly planned in CRITICAL_MODEL_PLAN.md §18, which requires its own separate authorization when attempted)",Memo authored and reviewed by someone other than this programme's implementer.,"Memo explicitly states simulation is not authorized by this memo alone — it only re-confirms boundaries that would apply if a future, separate authorization were granted.",N/A (governance/ethics document),P0,high — this is the last checkpoint before any simulation-adjacent work could even be proposed,blocked,none,,,pending
S6-02,6,Simulation-Readiness Gate,Define simulation-readiness criteria,"No criteria currently exist for what evidence/sign-offs would be required before any simulation engine work could be proposed; without explicit criteria, 'readiness' would be a subjective judgement call made ad hoc.","Written criteria list: e.g., all A0/S1 audits closed, Sprint 2-5 gates all signed off, S6-01's memo on file, and a fresh, separate explicit human authorization obtained specifically for simulation (not inherited from any earlier sign-off in this programme).",S6-01,docs/enclave/implementation/ENCLAVE_1682_MASTER_SPRINT_BOARD.md (gate decision record only); a future SIMULATION_READINESS_REVIEW.md if the gate is opened,"docs/enclave/salido_hdt_model_v0_3/**; docs/enclave/salido_hdt_model_v0_4/**; docs/enclave/salido_hdt_model_v0_4_1/**; docs/enclave/enklave-salido.docx; frontend/map_app/data/enclave_1682_solver_run/**; data/salido_solver_snapshot/**; salido_hdt.solver.cli source (not in this checkout); docker-compose.yml (except the single future mount explicitly planned in CRITICAL_MODEL_PLAN.md §18, which requires its own separate authorization when attempted)",Criteria reviewed and agreed by the research owner.,"Criteria list is exhaustive enough that meeting it is a checklist, not a judgement call, for whoever evaluates a future simulation proposal.",N/A (governance document),P0,medium,blocked,none,,,pending
S6-03,6,Simulation-Readiness Gate,Simulation gate decision record — explicit non-authorization,"Per this turn's release mapping instruction: simulation is prohibited until Sprint 6 approval. This task's output is the gate record itself, not simulation work — Sprint 6 does not implement a simulation engine.","Decision record stating simulation remains NOT authorized as of this board's creation; any future authorization requires a new, explicit, separate human decision beyond everything approved in this programme so far.","S6-01, S6-02",docs/enclave/implementation/ENCLAVE_1682_MASTER_SPRINT_BOARD.md (gate decision record only); a future SIMULATION_READINESS_REVIEW.md if the gate is opened,"docs/enclave/salido_hdt_model_v0_3/**; docs/enclave/salido_hdt_model_v0_4/**; docs/enclave/salido_hdt_model_v0_4_1/**; docs/enclave/enklave-salido.docx; frontend/map_app/data/enclave_1682_solver_run/**; data/salido_solver_snapshot/**; salido_hdt.solver.cli source (not in this checkout); docker-compose.yml (except the single future mount explicitly planned in CRITICAL_MODEL_PLAN.md §18, which requires its own separate authorization when attempted)",Decision record exists and is unambiguous about current non-authorization status.,"review_decision for this task is recorded as 'not_applicable — requires new explicit human authorization beyond this board', not 'approved' or 'pending', since no one has asked to authorize simulation yet.",N/A (governance gate; explicitly not an implementation task),P0,high — this is the terminal gate of the entire programme as currently scoped,blocked,none,,,not_applicable_requires_new_explicit_authorization
